{"type":"FeatureCollection","name":"qpv","crs":{"type":"name","properties":{"name":"urn:ogc:def:crs:OGC:1.3:CRS84"}},"features":[{"type":"Feature","properties":{"identifian":"QN09506M","libelle":"Val D'Argent Sud","commune_ag":"Argenteuil","NPNRU":null,"auxiliary_storage_labeling_positionx":641121.3871033913,"auxiliary_storage_labeling_positiony":6872359.010138185,"auxiliary_storage_labeling_lineanchorpercent":null,"auxiliary_storage_labeling_lineanchorclipping":null,"auxiliary_storage_labeling_lineanchortype":null,"auxiliary_storage_labeling_lineanchortextpoint":null,"auxiliary_storage_callouts_originx":null,"auxiliary_storage_callouts_originy":null,"auxiliary_storage_callouts_destinationx":null,"auxiliary_storage_callouts_destinationy":null},"geometry":{"type":"MultiPolygon","coordinates":[[[[2.23050782,48.94881462],[2.2301229,48.94872175],[2.23038063,48.94830745],[2.23065592,48.9482523],[2.23212611,48.94747835],[2.23232022,48.94741263],[2.23254246,48.9475078],[2.23275684,48.94848002],[2.23277123,48.94853787],[2.23281353,48.94859923],[2.23288963,48.94860893],[2.23361529,48.94834491],[2.23368681,48.94832026],[2.2336444,48.94826642],[2.23389945,48.94768721],[2.23375366,48.94766368],[2.23413485,48.9469748],[2.23424124,48.94699808],[2.23454231,48.94657148],[2.23507173,48.94668869],[2.23499129,48.94680116],[2.23583492,48.94698063],[2.23575158,48.94711736],[2.23588325,48.94715],[2.23583653,48.94721666],[2.23620628,48.94730438],[2.23675305,48.94745182],[2.23693007,48.94716504],[2.23780613,48.94738654],[2.23806949,48.94745015],[2.23792383,48.94802588],[2.23870764,48.94804007],[2.23871775,48.94795644],[2.23932618,48.94797285],[2.23932018,48.94803559],[2.23926336,48.94827124],[2.23958672,48.94822977],[2.239668,48.94788547],[2.23990282,48.94790286],[2.23997505,48.94765558],[2.24087521,48.9478814],[2.24133793,48.94725913],[2.23996444,48.94681689],[2.24019199,48.94654884],[2.24006789,48.9465196],[2.23996694,48.946298],[2.23964579,48.94618884],[2.23968217,48.94613383],[2.23891373,48.94585276],[2.23875931,48.94598569],[2.23859356,48.94611102],[2.23834364,48.94651786],[2.23820103,48.94688521],[2.23545854,48.94621996],[2.23577447,48.94564615],[2.23396498,48.94513578],[2.23264176,48.94482518],[2.23275142,48.94462669],[2.23254151,48.94455839],[2.23248193,48.94463501],[2.23133379,48.94434392],[2.23125143,48.9444999],[2.23104356,48.9445513],[2.23073465,48.94413252],[2.2304881,48.94379281],[2.23026622,48.94384662],[2.2301574,48.94381579],[2.2300521,48.94406285],[2.22995327,48.9440438],[2.22976147,48.94446858],[2.22962585,48.94444595],[2.2294052,48.94493163],[2.22976979,48.94502269],[2.22967539,48.94521961],[2.23051682,48.94537231],[2.23058488,48.94540958],[2.23074792,48.94555458],[2.23193312,48.94583335],[2.23208721,48.94589627],[2.232112,48.94593827],[2.2320857,48.94599837],[2.2316742,48.94675986],[2.23158993,48.94678694],[2.23150356,48.94678471],[2.23019045,48.94647583],[2.23003577,48.94645307],[2.22831802,48.94609888],[2.22820774,48.94633753],[2.22815927,48.94652135],[2.22808439,48.94677195],[2.22770144,48.94671927],[2.22778204,48.94642518],[2.22638762,48.94620361],[2.22660947,48.94452863],[2.22635159,48.94452529],[2.22633347,48.94471851],[2.2263027,48.94490746],[2.22617319,48.94490161],[2.22600987,48.94614258],[2.22523018,48.94602456],[2.22516275,48.94620072],[2.22506133,48.946185],[2.22501073,48.94634034],[2.22521362,48.94636844],[2.2250885,48.94674928],[2.22566284,48.94683501],[2.22570818,48.94686208],[2.22637751,48.94696851],[2.22644552,48.94700912],[2.22658935,48.94742016],[2.22662951,48.94745389],[2.22685754,48.94750056],[2.22744713,48.94758638],[2.22737375,48.94782109],[2.22726498,48.94778691],[2.2269127,48.94772187],[2.22668874,48.94825607],[2.22662538,48.94824394],[2.22641602,48.94882176],[2.22445042,48.94838222],[2.22464372,48.94769048],[2.22422772,48.94763757],[2.22432792,48.9473093],[2.22373978,48.94721175],[2.22372718,48.94728951],[2.22350125,48.94727298],[2.22346911,48.94738325],[2.22330414,48.94736879],[2.22338572,48.9470111],[2.22293405,48.94696465],[2.22296824,48.94688788],[2.22315486,48.94655849],[2.22206564,48.94666107],[2.22100764,48.94671529],[2.22091505,48.94644938],[2.22040644,48.94647286],[2.21999122,48.94645342],[2.22005947,48.94724059],[2.22076127,48.94746946],[2.22118635,48.94759441],[2.22343185,48.94817643],[2.22731735,48.94905187],[2.22875021,48.94934315],[2.22999282,48.94961143],[2.23016002,48.94930451],[2.2302084,48.94929812],[2.23024178,48.9492749],[2.23050782,48.94881462]]]]}},{"type":"Feature","properties":{"identifian":"QN09540N","libelle":"Les Linandes","commune_ag":"Cergy","NPNRU":null,"auxiliary_storage_labeling_positionx":632233.94387886,"auxiliary_storage_labeling_positiony":6881767.243687656,"auxiliary_storage_labeling_lineanchorpercent":null,"auxiliary_storage_labeling_lineanchorclipping":null,"auxiliary_storage_labeling_lineanchortype":null,"auxiliary_storage_labeling_lineanchortextpoint":null,"auxiliary_storage_callouts_originx":null,"auxiliary_storage_callouts_originy":null,"auxiliary_storage_callouts_destinationx":null,"auxiliary_storage_callouts_destinationy":null},"geometry":{"type":"MultiPolygon","coordinates":[[[[2.06252919,49.04646196],[2.06513474,49.04654487],[2.06513474,49.04654487],[2.06783304,49.04587611],[2.06783304,49.04587611],[2.06783304,49.04587611],[2.06870156,49.04545054],[2.06870156,49.04545054],[2.07009287,49.04455516],[2.07009287,49.04455516],[2.07150948,49.04292465],[2.07150948,49.04292465],[2.07150948,49.04292465],[2.07150948,49.04292465],[2.07150948,49.04292465],[2.07150948,49.04292465],[2.07150948,49.04292465],[2.06892923,49.04215083],[2.06892923,49.04215083],[2.06892923,49.04215083],[2.06892923,49.04215083],[2.06892923,49.04215083],[2.06736164,49.0428394],[2.06736164,49.0428394],[2.06616347,49.04337788],[2.06452762,49.04359344],[2.06026937,49.0432397],[2.06026937,49.0432397],[2.06026937,49.0432397],[2.06026937,49.0432397],[2.06026937,49.0432397],[2.06026937,49.0432397],[2.06026937,49.0432397],[2.06026937,49.0432397],[2.06050547,49.04459938],[2.06050547,49.04459938],[2.06112945,49.04553897],[2.06112945,49.04553897],[2.06112945,49.04553897],[2.06112945,49.04553897],[2.06112945,49.04553897],[2.06112945,49.04553897],[2.06182932,49.04535105],[2.0619811,49.04560529],[2.0619811,49.04560529],[2.06252919,49.04646196],[2.06252919,49.04646196],[2.06252919,49.04646196],[2.06252919,49.04646196],[2.06252919,49.04646196]]]]}},{"type":"Feature","properties":{"identifian":"QN09521I","libelle":"Montédour","commune_ag":"Franconville","NPNRU":null,"auxiliary_storage_labeling_positionx":642618.0791890825,"auxiliary_storage_labeling_positiony":6878500.547636509,"auxiliary_storage_labeling_lineanchorpercent":null,"auxiliary_storage_labeling_lineanchorclipping":null,"auxiliary_storage_labeling_lineanchortype":null,"auxiliary_storage_labeling_lineanchortextpoint":null,"auxiliary_storage_callouts_originx":null,"auxiliary_storage_callouts_originy":null,"auxiliary_storage_callouts_destinationx":null,"auxiliary_storage_callouts_destinationy":null},"geometry":{"type":"MultiPolygon","coordinates":[[[[2.21701376,48.99616642],[2.21670217,48.99607428],[2.21648995,48.9958786],[2.21646032,48.99580485],[2.21648137,48.99570631],[2.21672648,48.99526537],[2.2167816,48.99522097],[2.21685625,48.99518348],[2.21695731,48.99515288],[2.21722762,48.99514054],[2.21777946,48.99498968],[2.21792473,48.99486804],[2.21798742,48.99475064],[2.21767648,48.99465313],[2.21754124,48.9944794],[2.21755788,48.99411665],[2.21750666,48.9940538],[2.21748544,48.99397888],[2.21729196,48.99383787],[2.21718298,48.99377587],[2.21713955,48.99381481],[2.21701819,48.99383241],[2.21584009,48.99412996],[2.21438393,48.99458135],[2.21449812,48.99474003],[2.214612,48.99488222],[2.21496168,48.99530471],[2.2149567,48.99538804],[2.21492639,48.99542094],[2.21434401,48.99572412],[2.21428936,48.99578453],[2.21434936,48.99588176],[2.21475867,48.99623832],[2.21519621,48.99659171],[2.21643653,48.99764655],[2.21649597,48.99765484],[2.21658402,48.99765419],[2.21708895,48.99742034],[2.21719538,48.99740449],[2.21722987,48.99742099],[2.21771141,48.99684886],[2.21802239,48.99673444],[2.21829045,48.99668653],[2.21819984,48.99657991],[2.2181383,48.99645999],[2.21812265,48.99632381],[2.21801558,48.99633892],[2.21788064,48.99637434],[2.21771282,48.99638427],[2.21761402,48.99638853],[2.21748416,48.99635214],[2.21731217,48.99626766],[2.21701376,48.99616642]]]]}},{"type":"Feature","properties":{"identifian":"QN09538M","libelle":"Le Village","commune_ag":"Persan","NPNRU":null,"auxiliary_storage_labeling_positionx":645929.1347361439,"auxiliary_storage_labeling_positiony":6893686.485138329,"auxiliary_storage_labeling_lineanchorpercent":null,"auxiliary_storage_labeling_lineanchorclipping":null,"auxiliary_storage_labeling_lineanchortype":null,"auxiliary_storage_labeling_lineanchortextpoint":null,"auxiliary_storage_callouts_originx":null,"auxiliary_storage_callouts_originy":null,"auxiliary_storage_callouts_destinationx":null,"auxiliary_storage_callouts_destinationy":null},"geometry":{"type":"MultiPolygon","coordinates":[[[[2.27184014,49.1532376],[2.27371956,49.15230482],[2.27382611,49.15239081],[2.27404668,49.15246415],[2.27413187,49.152478],[2.27420123,49.15246108],[2.27495081,49.15206821],[2.27515007,49.15235745],[2.27566626,49.15222587],[2.27553862,49.15204908],[2.27566717,49.15201518],[2.27516503,49.15157876],[2.27492967,49.15169069],[2.27452382,49.15134687],[2.27473755,49.15103744],[2.27470603,49.15096524],[2.27468735,49.15084778],[2.27483263,49.15063529],[2.27488879,49.15061762],[2.2748556,49.15059209],[2.27513583,49.15046909],[2.27540602,49.15033736],[2.27371215,49.14978908],[2.27333691,49.15030822],[2.2717115,49.14980766],[2.27183792,49.1496364],[2.27003852,49.14907875],[2.26892619,49.15054289],[2.26803588,49.15024743],[2.26751868,49.15088105],[2.26726021,49.15104483],[2.26721258,49.15117856],[2.26719811,49.15141117],[2.26711814,49.15153137],[2.26728582,49.15153373],[2.26726723,49.15162629],[2.2672798,49.15174372],[2.26752973,49.15182459],[2.2676587,49.15169002],[2.26782831,49.15177239],[2.26835095,49.15204828],[2.26828319,49.15209587],[2.26859615,49.15224846],[2.26904123,49.1524752],[2.26912132,49.15256237],[2.26956045,49.15256236],[2.26971081,49.15256861],[2.26983863,49.1524427],[2.27056463,49.15141762],[2.27196685,49.15174482],[2.27211265,49.15178571],[2.27124586,49.15299397],[2.27184014,49.1532376]]]]}},{"type":"Feature","properties":{"identifian":"QN09531M","libelle":"Lochères","commune_ag":"Sarcelles","NPNRU":"PRIN","auxiliary_storage_labeling_positionx":653974.5751466375,"auxiliary_storage_labeling_positiony":6874107.674320065,"auxiliary_storage_labeling_lineanchorpercent":null,"auxiliary_storage_labeling_lineanchorclipping":null,"auxiliary_storage_labeling_lineanchortype":null,"auxiliary_storage_labeling_lineanchortextpoint":null,"auxiliary_storage_callouts_originx":null,"auxiliary_storage_callouts_originy":null,"auxiliary_storage_callouts_destinationx":null,"auxiliary_storage_callouts_destinationy":null},"geometry":{"type":"MultiPolygon","coordinates":[[[[2.39520048,48.98042245],[2.39515471,48.98033475],[2.39496508,48.98018427],[2.39458314,48.97991424],[2.39382409,48.97936219],[2.39148606,48.97775944],[2.39127826,48.97760439],[2.39121721,48.97754372],[2.39119895,48.97750544],[2.3911245,48.97747056],[2.39104033,48.97746644],[2.39099245,48.97739967],[2.39087933,48.9773104],[2.39007528,48.97669218],[2.38882774,48.97579375],[2.38872587,48.97586222],[2.3882137,48.97549248],[2.38827959,48.97541967],[2.38637358,48.97410699],[2.38227175,48.97124874],[2.37571967,48.97208211],[2.37253596,48.97240136],[2.37133803,48.97261731],[2.3689882,48.97303122],[2.36597827,48.9740157],[2.36594469,48.97431366],[2.36627389,48.97494123],[2.3673922,48.97700696],[2.36794898,48.97816054],[2.36427124,48.97863143],[2.36409315,48.97896064],[2.36423468,48.9790193],[2.36514006,48.97997639],[2.36634244,48.97960331],[2.36637927,48.97965278],[2.36689742,48.97952246],[2.36694845,48.97963607],[2.3671417,48.97959644],[2.36735711,48.97988955],[2.36737963,48.97988474],[2.36759277,48.9802111],[2.36814152,48.98002673],[2.36874642,48.97984266],[2.36904634,48.98042079],[2.37168338,48.98104814],[2.3720287,48.98128032],[2.37194514,48.98107046],[2.37203328,48.98105613],[2.37209863,48.9810688],[2.37297441,48.98092677],[2.37307734,48.98092731],[2.37317771,48.98114096],[2.37330713,48.98111823],[2.37446421,48.98092962],[2.37451816,48.98111223],[2.37459298,48.98111632],[2.37464886,48.98113879],[2.37466331,48.98118198],[2.37825562,48.98113166],[2.38061868,48.98104533],[2.38346772,48.98101319],[2.38477719,48.98091274],[2.38490925,48.98129901],[2.38644311,48.98105801],[2.38641386,48.98131657],[2.3865032,48.98135892],[2.38647721,48.98197476],[2.38757032,48.98197049],[2.38849932,48.98207501],[2.38867754,48.9820402],[2.38833347,48.98105904],[2.39088731,48.9806618],[2.39094973,48.9807656],[2.39288433,48.9806633],[2.39352348,48.98058399],[2.39512713,48.98045288],[2.39520048,48.98042245]]]]}},{"type":"Feature","properties":{"identifian":"QN09523M","libelle":"Les Frances","commune_ag":"Montigny-lés-Cormeilles","NPNRU":null,"auxiliary_storage_labeling_positionx":639657.5579551033,"auxiliary_storage_labeling_positiony":6877187.587834722,"auxiliary_storage_labeling_lineanchorpercent":null,"auxiliary_storage_labeling_lineanchorclipping":null,"auxiliary_storage_labeling_lineanchortype":null,"auxiliary_storage_labeling_lineanchortextpoint":null,"auxiliary_storage_callouts_originx":null,"auxiliary_storage_callouts_originy":null,"auxiliary_storage_callouts_destinationx":null,"auxiliary_storage_callouts_destinationy":null},"geometry":{"type":"MultiPolygon","coordinates":[[[[2.19565399,48.99853818],[2.19632308,48.99825865],[2.19673673,48.9986766],[2.19732713,48.99842472],[2.19758207,48.99877223],[2.19891044,48.99831389],[2.19880026,48.99819391],[2.19866113,48.99802821],[2.2007186,48.99713352],[2.20102465,48.99710412],[2.20186031,48.99675629],[2.2019058,48.99679778],[2.20248614,48.99655448],[2.20262221,48.99649035],[2.20241379,48.99633069],[2.20280487,48.99612841],[2.20287565,48.99613213],[2.20302159,48.99606915],[2.20334094,48.99608536],[2.20391655,48.99582685],[2.20426856,48.99580858],[2.20670987,48.9953868],[2.20587842,48.99416936],[2.2065242,48.99395249],[2.20636322,48.99370644],[2.20673388,48.99359832],[2.20680271,48.99340582],[2.20729249,48.99326379],[2.20746123,48.99321721],[2.20743643,48.99311515],[2.20754214,48.99309633],[2.20740457,48.99288187],[2.20721998,48.99250991],[2.20705308,48.99216626],[2.20606412,48.99247409],[2.20565565,48.99225458],[2.205658,48.99204646],[2.20558802,48.99188339],[2.20399568,48.99238233],[2.20384035,48.99246802],[2.20372899,48.99258653],[2.20369465,48.99267736],[2.20369615,48.99279444],[2.20375724,48.99289241],[2.2038638,48.99303404],[2.20386263,48.99310992],[2.20402037,48.99335162],[2.20409192,48.99362744],[2.2035815,48.99382568],[2.20367913,48.99395858],[2.20381697,48.99393998],[2.20392019,48.99397644],[2.20399156,48.99404954],[2.20415072,48.99419802],[2.20424902,48.99423336],[2.20373527,48.99443375],[2.20348119,48.99456649],[2.20337164,48.99461996],[2.20340392,48.99471774],[2.20337926,48.99482164],[2.20325926,48.9949119],[2.20359672,48.99525127],[2.20212497,48.99588216],[2.20197627,48.99596355],[2.20115199,48.9953044],[2.20094243,48.99511222],[2.2008068,48.99514817],[2.20073114,48.99514008],[2.20064274,48.99510372],[2.19944352,48.9956334],[2.19907131,48.99562658],[2.19801392,48.99609107],[2.19686814,48.99481184],[2.19630879,48.99508236],[2.19573155,48.99533757],[2.19585889,48.99546525],[2.19519547,48.99575349],[2.19565079,48.99629748],[2.19660371,48.99630494],[2.19705515,48.99667545],[2.19699867,48.99670543],[2.19680535,48.99706186],[2.19647063,48.99718753],[2.19622796,48.99689973],[2.19494494,48.99735617],[2.19496921,48.99749075],[2.19527303,48.99803155],[2.19535466,48.9980798],[2.19565399,48.99853818]]]]}},{"type":"Feature","properties":{"identifian":"QN09507I","libelle":"Champagne","commune_ag":"Argenteuil","NPNRU":null,"auxiliary_storage_labeling_positionx":645260.3201763692,"auxiliary_storage_labeling_positiony":6874700.939594335,"auxiliary_storage_labeling_lineanchorpercent":null,"auxiliary_storage_labeling_lineanchorclipping":null,"auxiliary_storage_labeling_lineanchortype":null,"auxiliary_storage_labeling_lineanchortextpoint":null,"auxiliary_storage_callouts_originx":null,"auxiliary_storage_callouts_originy":null,"auxiliary_storage_callouts_destinationx":null,"auxiliary_storage_callouts_destinationy":null},"geometry":{"type":"MultiPolygon","coordinates":[[[[2.24550404,48.96300264],[2.2455716,48.96267769],[2.24576655,48.96274994],[2.24614898,48.96264935],[2.24697464,48.96342565],[2.24716633,48.96340429],[2.24727154,48.96343692],[2.24733062,48.96349936],[2.24802408,48.96337406],[2.2479161,48.96314219],[2.24787412,48.96285202],[2.24780786,48.96269362],[2.24779339,48.96254745],[2.24781441,48.9622788],[2.2478691,48.96224719],[2.24803123,48.96225869],[2.24809728,48.96223465],[2.24831273,48.96195201],[2.24834096,48.96169471],[2.24824421,48.96167343],[2.24836701,48.96137346],[2.24842708,48.96096972],[2.24819609,48.9609319],[2.24810754,48.96115568],[2.24766483,48.96117358],[2.24712538,48.96126887],[2.24705959,48.96098275],[2.24713531,48.96058287],[2.2465739,48.96051919],[2.2448712,48.9606175],[2.24425467,48.96071324],[2.24450087,48.96105688],[2.24466714,48.96123321],[2.24490445,48.96176805],[2.2449987,48.96186262],[2.24509488,48.96192337],[2.24505681,48.96193531],[2.24502932,48.96225487],[2.244647,48.96222613],[2.24451609,48.9629795],[2.24550404,48.96300264]]]]}},{"type":"Feature","properties":{"identifian":"QN09508M","libelle":"Joliot Curie","commune_ag":"Saint-Gratien, Argenteuil","NPNRU":null,"auxiliary_storage_labeling_positionx":646004.5299533292,"auxiliary_storage_labeling_positiony":6872407.807274411,"auxiliary_storage_labeling_lineanchorpercent":null,"auxiliary_storage_labeling_lineanchorclipping":null,"auxiliary_storage_labeling_lineanchortype":null,"auxiliary_storage_labeling_lineanchortextpoint":null,"auxiliary_storage_callouts_originx":null,"auxiliary_storage_callouts_originy":null,"auxiliary_storage_callouts_destinationx":null,"auxiliary_storage_callouts_destinationy":null},"geometry":{"type":"MultiPolygon","coordinates":[[[[2.28827461,48.95984951],[2.28830515,48.95976714],[2.28828081,48.95939679],[2.2882455,48.95933499],[2.2881652,48.95928371],[2.28755705,48.95918866],[2.28745358,48.95913978],[2.28743551,48.95905078],[2.28758598,48.95887197],[2.28802994,48.95761159],[2.28786925,48.95751665],[2.28762352,48.95743391],[2.28739702,48.95735636],[2.28682417,48.95722088],[2.28589836,48.95708837],[2.28597171,48.95690783],[2.28595439,48.95690519],[2.28601457,48.95677156],[2.28606108,48.95671977],[2.28587549,48.95664754],[2.28580949,48.9566789],[2.28576989,48.95675359],[2.28539271,48.95669419],[2.2854466,48.95656243],[2.28476933,48.95644791],[2.284725,48.95658607],[2.28423618,48.95651203],[2.28419148,48.95653717],[2.28398794,48.95710301],[2.28357416,48.95704085],[2.28351975,48.9572107],[2.28077884,48.95682472],[2.28022358,48.95838096],[2.28293362,48.95877311],[2.28313053,48.95882954],[2.28322555,48.95893171],[2.28322843,48.95900284],[2.28320779,48.95910051],[2.28817002,48.95984699],[2.28827461,48.95984951]]]]}},{"type":"Feature","properties":{"identifian":"QN09528M","libelle":"Cottage Elargi","commune_ag":"Goussainville","NPNRU":null,"auxiliary_storage_labeling_positionx":662442.1151861667,"auxiliary_storage_labeling_positiony":6881799.332452874,"auxiliary_storage_labeling_lineanchorpercent":null,"auxiliary_storage_labeling_lineanchorclipping":null,"auxiliary_storage_labeling_lineanchortype":null,"auxiliary_storage_labeling_lineanchortextpoint":null,"auxiliary_storage_callouts_originx":null,"auxiliary_storage_callouts_originy":null,"auxiliary_storage_callouts_destinationx":null,"auxiliary_storage_callouts_destinationy":null},"geometry":{"type":"MultiPolygon","coordinates":[[[[2.47228994,49.03505812],[2.47277223,49.03502306],[2.47275232,49.03491144],[2.47322583,49.03486662],[2.47292109,49.03340933],[2.47291172,49.03339394],[2.47290075,49.03334094],[2.47290705,49.03333513],[2.47339446,49.03285915],[2.47348329,49.03278692],[2.47352988,49.0327949],[2.47357916,49.03279771],[2.47358632,49.03293521],[2.47379239,49.03387937],[2.47428335,49.03383138],[2.47426848,49.03380624],[2.47476664,49.03376087],[2.47474206,49.0335913],[2.47477156,49.03353437],[2.4746606,49.03345434],[2.47549785,49.03283896],[2.47625096,49.03326244],[2.47695187,49.03273377],[2.47470174,49.03133803],[2.47503773,49.03113891],[2.47516354,49.03104954],[2.47530434,49.03077868],[2.4754147,49.0305267],[2.47544027,49.03033834],[2.47543389,49.0301896],[2.47534882,49.03001977],[2.47512451,49.02970754],[2.47375088,49.02863463],[2.4734997,49.02773263],[2.47341203,49.0273996],[2.47436369,49.0266747],[2.4744925,49.02661388],[2.47508345,49.02648591],[2.47489148,49.02609774],[2.47441182,49.02620631],[2.47431914,49.0260105],[2.4737077,49.02614962],[2.4731823,49.02661938],[2.47347343,49.02772992],[2.47208427,49.02702869],[2.47104921,49.02809536],[2.46958467,49.02718195],[2.46970041,49.02704931],[2.46944208,49.02698246],[2.46926178,49.02738629],[2.46912269,49.02774448],[2.46775641,49.02712631],[2.46744272,49.02694508],[2.46748536,49.02688994],[2.46698013,49.026541],[2.46633477,49.02614042],[2.46593099,49.0259],[2.46584773,49.02583014],[2.465139,49.02531201],[2.46471603,49.02553146],[2.46418936,49.02509855],[2.46410108,49.02498921],[2.46402016,49.02493179],[2.4627107,49.02410804],[2.46259848,49.02421647],[2.46255658,49.02420072],[2.46183517,49.0249272],[2.4621225,49.0250478],[2.46209598,49.02506973],[2.46197482,49.02508994],[2.46198384,49.0251077],[2.46166746,49.02544348],[2.46131068,49.02587071],[2.46112417,49.02610677],[2.46037143,49.02592183],[2.45932262,49.02563698],[2.45904412,49.0261199],[2.45895746,49.02636159],[2.45863163,49.02684429],[2.45994323,49.02714762],[2.46016172,49.02687193],[2.46031455,49.02684149],[2.46199594,49.02723897],[2.46122383,49.0285393],[2.46203288,49.02874957],[2.46260909,49.02782877],[2.46179218,49.02761675],[2.46201957,49.02724253],[2.46250094,49.02646397],[2.46256829,49.02630864],[2.4627122,49.02612254],[2.46280577,49.02597424],[2.46380655,49.02613867],[2.46482331,49.02673112],[2.46565352,49.02628869],[2.4660154,49.02657648],[2.46660809,49.02705032],[2.46706906,49.02741981],[2.46721288,49.02749826],[2.4692632,49.02808316],[2.46823164,49.02873654],[2.46816258,49.02880368],[2.46877553,49.02954993],[2.46884042,49.02956838],[2.46888845,49.02950115],[2.46944365,49.02920965],[2.46956851,49.0290857],[2.46982453,49.02860612],[2.47016351,49.0288229],[2.47007938,49.02888564],[2.47300286,49.03076255],[2.47267987,49.03097555],[2.47263459,49.03103241],[2.47337772,49.03152762],[2.47385608,49.03181157],[2.47416596,49.03198412],[2.47366201,49.03260268],[2.47355497,49.03259011],[2.47347192,49.03261136],[2.47338245,49.03261702],[2.47199007,49.03247776],[2.47130653,49.03413648],[2.47186819,49.03424788],[2.4719483,49.03425775],[2.47204938,49.03414536],[2.47210927,49.03420399],[2.47228994,49.03505812]]]]}},{"type":"Feature","properties":{"identifian":"QN09529M","libelle":"Grandes Bornes Elargies","commune_ag":"Goussainville, Fontenay-en-Parisis","NPNRU":null,"auxiliary_storage_labeling_positionx":660705.6805056666,"auxiliary_storage_labeling_positiony":6883237.729006015,"auxiliary_storage_labeling_lineanchorpercent":null,"auxiliary_storage_labeling_lineanchorclipping":null,"auxiliary_storage_labeling_lineanchortype":null,"auxiliary_storage_labeling_lineanchortextpoint":null,"auxiliary_storage_callouts_originx":null,"auxiliary_storage_callouts_originy":null,"auxiliary_storage_callouts_destinationx":null,"auxiliary_storage_callouts_destinationy":null},"geometry":{"type":"MultiPolygon","coordinates":[[[[2.45994108,49.03964052],[2.4614274,49.03865674],[2.46170777,49.03883445],[2.46449877,49.03702427],[2.46445781,49.03697133],[2.46445006,49.03691855],[2.4644573,49.03688675],[2.46422851,49.03680478],[2.46391874,49.03666151],[2.46268711,49.03610439],[2.46325782,49.03549393],[2.46344462,49.03526239],[2.46377558,49.03496054],[2.46395983,49.03475854],[2.46358141,49.03463362],[2.46397802,49.034202],[2.46308748,49.03390698],[2.46274802,49.03436204],[2.46236191,49.03424571],[2.46224113,49.03442162],[2.46218794,49.03448141],[2.45987423,49.03376706],[2.46081379,49.03280356],[2.45995061,49.03254138],[2.45886134,49.03220723],[2.45819432,49.03329746],[2.45783451,49.03380948],[2.45772281,49.03376021],[2.45772096,49.03375497],[2.45754677,49.03367915],[2.45569938,49.0328346],[2.45610277,49.03261997],[2.45625701,49.03268433],[2.45670493,49.03244443],[2.4558694,49.03192222],[2.45573963,49.03189799],[2.45399878,49.03144442],[2.45395124,49.03149332],[2.45336379,49.0313233],[2.45339581,49.03064676],[2.45388247,49.03066717],[2.4540214,49.03060959],[2.45486511,49.0306116],[2.45591905,49.03088014],[2.455846,49.03098714],[2.45740752,49.03139348],[2.45788258,49.0312019],[2.45762914,49.03109889],[2.45784731,49.0306051],[2.45645288,49.03035868],[2.45483114,49.03015851],[2.45505002,49.02929455],[2.45552789,49.02856911],[2.4542318,49.02818486],[2.45387259,49.02814685],[2.45380401,49.0281329],[2.45375279,49.02826909],[2.45390697,49.02939032],[2.4538781,49.02950478],[2.45288783,49.02949846],[2.45271368,49.02948675],[2.45176279,49.02937782],[2.45176652,49.02958975],[2.45067943,49.02958297],[2.4506783,49.02969028],[2.44903515,49.02968639],[2.44902628,49.03000105],[2.44768472,49.02999124],[2.44765628,49.03006388],[2.44760041,49.03011455],[2.44750596,49.03015232],[2.44738386,49.03018814],[2.44733171,49.03066948],[2.4480287,49.03068179],[2.45021914,49.03068956],[2.45016658,49.03321231],[2.44985077,49.03370928],[2.44980861,49.03377185],[2.45210554,49.03435989],[2.45161023,49.03515436],[2.45131631,49.03547862],[2.45201197,49.03562368],[2.45351896,49.03570149],[2.45614112,49.03631185],[2.45632425,49.03603846],[2.4572716,49.03645749],[2.45801058,49.03669548],[2.45860257,49.03692689],[2.45795965,49.03755701],[2.45739708,49.0373562],[2.45679828,49.03773366],[2.45618546,49.03812926],[2.4560748,49.03828519],[2.45641803,49.03840225],[2.45716272,49.03862663],[2.45751014,49.03874098],[2.45871336,49.03917024],[2.45972224,49.03953313],[2.45970818,49.03955489],[2.45994108,49.03964052]]]]}},{"type":"Feature","properties":{"identifian":"QN09526M","libelle":"Les Pins","commune_ag":"Taverny","NPNRU":null,"auxiliary_storage_labeling_positionx":640241.9303932881,"auxiliary_storage_labeling_positiony":6880561.986541057,"auxiliary_storage_labeling_lineanchorpercent":null,"auxiliary_storage_labeling_lineanchorclipping":null,"auxiliary_storage_labeling_lineanchortype":null,"auxiliary_storage_labeling_lineanchortextpoint":null,"auxiliary_storage_callouts_originx":null,"auxiliary_storage_callouts_originy":null,"auxiliary_storage_callouts_destinationx":null,"auxiliary_storage_callouts_destinationy":null},"geometry":{"type":"MultiPolygon","coordinates":[[[[2.20720701,49.01184457],[2.20885558,49.01143095],[2.20903258,49.01135337],[2.20910249,49.01143012],[2.21000424,49.01117152],[2.20969622,49.01076346],[2.2090597,49.01006409],[2.20884665,49.00980676],[2.20804559,49.00886022],[2.20361238,49.01059775],[2.20422505,49.01138435],[2.20438669,49.01157736],[2.20640283,49.01232649],[2.20667959,49.01233078],[2.20741968,49.0121265],[2.20720701,49.01184457]]]]}},{"type":"Feature","properties":{"identifian":"QN09511M","libelle":"Axe Majeur - Horloge","commune_ag":"Cergy","NPNRU":"PRIR","auxiliary_storage_labeling_positionx":627701.1036295063,"auxiliary_storage_labeling_positiony":6885441.909568826,"auxiliary_storage_labeling_lineanchorpercent":null,"auxiliary_storage_labeling_lineanchorclipping":null,"auxiliary_storage_labeling_lineanchortype":null,"auxiliary_storage_labeling_lineanchortextpoint":null,"auxiliary_storage_callouts_originx":null,"auxiliary_storage_callouts_originy":null,"auxiliary_storage_callouts_destinationx":null,"auxiliary_storage_callouts_destinationy":null},"geometry":{"type":"MultiPolygon","coordinates":[[[[2.05197228,49.04751623],[2.05179038,49.04675126],[2.05031855,49.04690222],[2.05030941,49.04685741],[2.05025144,49.0468504],[2.05022404,49.04662432],[2.05006891,49.04657508],[2.05001628,49.04659376],[2.04791672,49.04680491],[2.04786061,49.04660588],[2.04774075,49.04662457],[2.04769996,49.04649549],[2.04771732,49.04645416],[2.04753959,49.04636983],[2.04732047,49.04637027],[2.04712147,49.04635996],[2.04695817,49.04639358],[2.04597526,49.04649599],[2.04524407,49.04654037],[2.04554581,49.04628962],[2.04525292,49.04614981],[2.04525506,49.04603307],[2.04492723,49.04589734],[2.04443795,49.04632664],[2.04440168,49.04631326],[2.04426653,49.04644094],[2.04374772,49.04649028],[2.04382852,49.0467899],[2.04326876,49.04689892],[2.04270508,49.04740073],[2.04214843,49.04788076],[2.0416307,49.04823017],[2.0410974,49.04834376],[2.04039212,49.04842105],[2.04010965,49.04717924],[2.03909176,49.04728677],[2.03956095,49.04686933],[2.0390708,49.04662536],[2.03856615,49.04711943],[2.03853728,49.04693098],[2.0379842,49.04699256],[2.03705439,49.04655738],[2.03693979,49.0466503],[2.03690651,49.0466544],[2.03684065,49.0466255],[2.03680398,49.04663393],[2.03666229,49.04657606],[2.03661432,49.04656694],[2.0364941,49.04651579],[2.03644647,49.0465776],[2.036395,49.04666775],[2.03621415,49.04666303],[2.03504197,49.04676601],[2.03487647,49.04602487],[2.03464055,49.04603607],[2.03456732,49.04604639],[2.03420814,49.04608061],[2.03368291,49.04611785],[2.03365748,49.04614601],[2.0336139,49.04616912],[2.033553,49.04618554],[2.0334616,49.04619135],[2.03344336,49.04619012],[2.03336974,49.04617698],[2.03331031,49.04615904],[2.03281618,49.04621999],[2.0322499,49.04627707],[2.03225,49.04627162],[2.03219302,49.04630062],[2.0321594,49.04632327],[2.03231237,49.04702229],[2.03098743,49.04717092],[2.03116744,49.04806494],[2.03137921,49.0489483],[2.0299655,49.04909184],[2.02989466,49.04879666],[2.02990217,49.0483057],[2.02994392,49.04820346],[2.03114417,49.04806694],[2.03094858,49.04716188],[2.02867646,49.04603273],[2.02710631,49.0474418],[2.02734578,49.04795004],[2.02725813,49.04802135],[2.02698756,49.04793186],[2.02671852,49.04793841],[2.02648788,49.04797746],[2.02629373,49.04806209],[2.02623009,49.04813632],[2.02613205,49.0482741],[2.02610553,49.04836063],[2.02424525,49.04744587],[2.02408198,49.04765405],[2.0247353,49.04795724],[2.02487004,49.04803035],[2.02505704,49.04814972],[2.02529834,49.048383],[2.02537707,49.04852222],[2.02538377,49.04860738],[2.02536281,49.04866286],[2.02527097,49.04877996],[2.02516066,49.04881944],[2.02533932,49.04920607],[2.02470908,49.04935262],[2.02495189,49.05038901],[2.02612274,49.05027412],[2.02627201,49.05063541],[2.0263828,49.05110114],[2.02635116,49.05110634],[2.02656371,49.052077],[2.02659543,49.05215582],[2.02800598,49.05200903],[2.02855235,49.05155516],[2.0287345,49.05149117],[2.03017096,49.05128891],[2.02997386,49.05028782],[2.02863472,49.0504363],[2.02843221,49.04999166],[2.03291176,49.04959789],[2.03320359,49.0508638],[2.03474167,49.05064047],[2.03590996,49.05173446],[2.0364123,49.0515028],[2.03719183,49.05225759],[2.0374094,49.05216331],[2.03830698,49.0519239],[2.03818451,49.05172433],[2.03860158,49.05161418],[2.03953783,49.05152783],[2.03938371,49.050885],[2.04404878,49.05042247],[2.04383055,49.04956309],[2.04490997,49.04945165],[2.04481556,49.04916938],[2.04473952,49.04879123],[2.04461965,49.04880992],[2.04264769,49.0489819],[2.04287197,49.0495129],[2.04260711,49.04956207],[2.04239975,49.04910432],[2.04195328,49.04919023],[2.04185915,49.04889378],[2.04433397,49.04863852],[2.04480181,49.04775186],[2.04496831,49.04736364],[2.04491844,49.047097],[2.04519947,49.04706977],[2.04541243,49.04695362],[2.04643638,49.04687664],[2.04655513,49.04691796],[2.04659923,49.04695759],[2.04664486,49.04700378],[2.04673821,49.04734387],[2.0472687,49.04729134],[2.04741796,49.04729907],[2.04748397,49.04732033],[2.04752772,49.04737851],[2.04757373,49.04749453],[2.04762944,49.04753426],[2.04775048,49.04754176],[2.04801158,49.04751546],[2.04811112,49.0478807],[2.05197228,49.04751623]]]]}},{"type":"Feature","properties":{"identifian":"QN09534M","libelle":"Rosiers Chantepie","commune_ag":"Sarcelles","NPNRU":"PRIR","auxiliary_storage_labeling_positionx":651761.7812437754,"auxiliary_storage_labeling_positiony":6877099.876502351,"auxiliary_storage_labeling_lineanchorpercent":null,"auxiliary_storage_labeling_lineanchorclipping":null,"auxiliary_storage_labeling_lineanchortype":null,"auxiliary_storage_labeling_lineanchortextpoint":null,"auxiliary_storage_callouts_originx":null,"auxiliary_storage_callouts_originy":null,"auxiliary_storage_callouts_destinationx":null,"auxiliary_storage_callouts_destinationy":null},"geometry":{"type":"MultiPolygon","coordinates":[[[[2.36813118,48.98789494],[2.36818133,48.98808512],[2.36825545,48.988318],[2.36856958,48.98988438],[2.36874532,48.99060638],[2.3688674,48.99092239],[2.36910107,48.99157667],[2.36930135,48.99151627],[2.36946021,48.99148235],[2.36993528,48.99140751],[2.37128415,48.9912824],[2.37221306,48.99119104],[2.37281111,48.99109862],[2.37349536,48.99103048],[2.37376637,48.99099503],[2.37325728,48.99060571],[2.37278679,48.99019942],[2.37238662,48.98983491],[2.37159135,48.99024742],[2.37098813,48.9896757],[2.37104721,48.98963425],[2.37047778,48.98909483],[2.3706491,48.98901922],[2.3704164,48.9888047],[2.37007923,48.98848585],[2.37000982,48.98851368],[2.36929879,48.98787461],[2.36981881,48.98767938],[2.37025412,48.98754816],[2.3718859,48.98667047],[2.37200877,48.98663313],[2.37126112,48.985118],[2.37084107,48.9842802],[2.37061827,48.98433888],[2.37047852,48.98432664],[2.36914496,48.98469945],[2.36782531,48.98507693],[2.36768527,48.98566318],[2.36766143,48.98618559],[2.36767673,48.98636522],[2.36774834,48.98667211],[2.36808991,48.98757701],[2.36815465,48.98783407],[2.36811435,48.98784076],[2.36813118,48.98789494]]]]}},{"type":"Feature","properties":{"identifian":"QN09509M","libelle":"Centre Ville","commune_ag":"Argenteuil","NPNRU":null,"auxiliary_storage_labeling_positionx":645792.8065196527,"auxiliary_storage_labeling_positiony":6870500.10212731,"auxiliary_storage_labeling_lineanchorpercent":null,"auxiliary_storage_labeling_lineanchorclipping":null,"auxiliary_storage_labeling_lineanchortype":null,"auxiliary_storage_labeling_lineanchortextpoint":null,"auxiliary_storage_callouts_originx":null,"auxiliary_storage_callouts_originy":null,"auxiliary_storage_callouts_destinationx":null,"auxiliary_storage_callouts_destinationy":null},"geometry":{"type":"MultiPolygon","coordinates":[[[[2.25865128,48.94496803],[2.25940244,48.94389936],[2.25834271,48.94341375],[2.25741141,48.94290839],[2.25721105,48.94287293],[2.25687927,48.94282525],[2.25671299,48.94282878],[2.25658095,48.9428599],[2.25643786,48.94293658],[2.25623464,48.94310185],[2.25606696,48.94320346],[2.25578506,48.9432998],[2.25569271,48.94321939],[2.25554629,48.94316601],[2.25534883,48.94317049],[2.25525296,48.94321437],[2.25484443,48.94296432],[2.25469901,48.94308318],[2.25421323,48.94338998],[2.25407573,48.94331883],[2.25373215,48.94362566],[2.25351094,48.94339987],[2.25343029,48.94334861],[2.25328588,48.94327585],[2.2527509,48.9431499],[2.2522925,48.9429366],[2.25232602,48.94289346],[2.25123471,48.94243828],[2.25094939,48.94229517],[2.24983532,48.94174299],[2.24955558,48.94174922],[2.24970734,48.9415517],[2.24976049,48.94146877],[2.24992555,48.94154965],[2.24993259,48.94154171],[2.25006272,48.94161296],[2.25034243,48.94136805],[2.25033395,48.94135545],[2.25065102,48.94098103],[2.2503303,48.9408276],[2.25014655,48.94104905],[2.24992125,48.94130314],[2.24964038,48.94121252],[2.24932264,48.94106311],[2.24876219,48.94147393],[2.24810971,48.94112394],[2.2478567,48.94098794],[2.24791685,48.94094497],[2.24765575,48.94080092],[2.24756188,48.94079208],[2.24757096,48.94075243],[2.24768387,48.94063765],[2.2475912,48.94058004],[2.24751017,48.9406454],[2.24746467,48.9404398],[2.24738493,48.94044614],[2.24739076,48.94040227],[2.24731839,48.94037786],[2.24729315,48.94020775],[2.2471266,48.94011032],[2.24711545,48.94004],[2.24641685,48.94069784],[2.24613382,48.94087172],[2.24517873,48.94010834],[2.2450584,48.94052504],[2.24489725,48.94089131],[2.24465669,48.9412411],[2.24487384,48.94131091],[2.24496321,48.9413571],[2.24492128,48.94138307],[2.24529032,48.94136714],[2.24576785,48.94103423],[2.24583668,48.94098064],[2.24586756,48.94101179],[2.24589395,48.94102847],[2.24590498,48.94102441],[2.24597827,48.94104758],[2.24602746,48.9411129],[2.24599434,48.94112817],[2.24604631,48.94116333],[2.24607943,48.94114806],[2.24613922,48.94118378],[2.24592555,48.94133414],[2.24602921,48.94139917],[2.24597674,48.94143533],[2.24596556,48.94149001],[2.24627807,48.94167163],[2.24636991,48.94158874],[2.24653919,48.94169094],[2.24667993,48.9417808],[2.24682729,48.9418878],[2.24697593,48.94178722],[2.24699449,48.94182042],[2.24761513,48.94248291],[2.24765596,48.94253336],[2.24831986,48.94296707],[2.24855982,48.94313739],[2.24898278,48.94334535],[2.25003337,48.94385893],[2.25013539,48.94365853],[2.25056661,48.94314425],[2.25094341,48.94331142],[2.25164264,48.94357528],[2.25129476,48.94392442],[2.25167153,48.94409444],[2.2516416,48.94412847],[2.25187423,48.94420748],[2.25201367,48.94402414],[2.25227262,48.9440788],[2.25274814,48.94316129],[2.25327619,48.9432872],[2.25349276,48.94339975],[2.25386667,48.94376936],[2.25498359,48.94340333],[2.25512912,48.94339838],[2.25517137,48.94347051],[2.25523978,48.94353024],[2.25537242,48.94357897],[2.25547797,48.94358419],[2.25560996,48.9435565],[2.25569533,48.94352053],[2.25574434,48.94348319],[2.25639363,48.94372917],[2.25651976,48.94387011],[2.25689646,48.94428891],[2.25729631,48.94453765],[2.25768476,48.94474419],[2.25865128,48.94496803]]]]}},{"type":"Feature","properties":{"identifian":"QN09513M","libelle":"Le Moulinard","commune_ag":"Osny","NPNRU":null,"auxiliary_storage_labeling_positionx":630658.7102613378,"auxiliary_storage_labeling_positiony":6886398.944159558,"auxiliary_storage_labeling_lineanchorpercent":null,"auxiliary_storage_labeling_lineanchorclipping":null,"auxiliary_storage_labeling_lineanchortype":null,"auxiliary_storage_labeling_lineanchortextpoint":null,"auxiliary_storage_callouts_originx":null,"auxiliary_storage_callouts_originy":null,"auxiliary_storage_callouts_destinationx":null,"auxiliary_storage_callouts_destinationy":null},"geometry":{"type":"MultiPolygon","coordinates":[[[[2.05082593,49.06423617],[2.05078186,49.06392945],[2.05066838,49.06358704],[2.05069638,49.06212658],[2.05062343,49.06186651],[2.05064642,49.06186335],[2.05129489,49.06193158],[2.05176833,49.06195005],[2.05223476,49.06193783],[2.05271629,49.06347094],[2.0546954,49.06293574],[2.05565669,49.06282025],[2.05544204,49.06208613],[2.05534379,49.06202509],[2.05427737,49.0618292],[2.05395546,49.06173961],[2.05387318,49.06178082],[2.0537151,49.06178794],[2.05288785,49.06188857],[2.05223625,49.06192612],[2.05177235,49.0619392],[2.05129498,49.06192204],[2.05064041,49.06185025],[2.0497979,49.06207208],[2.04952625,49.06168911],[2.04888358,49.06096451],[2.04935483,49.06081591],[2.04889076,49.06030339],[2.04836753,49.05979041],[2.04678592,49.06031686],[2.04662514,49.06033232],[2.04633301,49.06042543],[2.0462968,49.06045528],[2.04630907,49.06048049],[2.04715248,49.06150015],[2.0473484,49.06144013],[2.04804732,49.06245849],[2.04734519,49.06260146],[2.04662823,49.06278755],[2.04592766,49.0630672],[2.04562977,49.06320225],[2.04538024,49.06333336],[2.04569331,49.06427749],[2.04542578,49.06431978],[2.04548739,49.06457139],[2.04527458,49.06457556],[2.04526326,49.06470605],[2.04683215,49.06470867],[2.04686692,49.06485271],[2.04684027,49.06507173],[2.04707972,49.06505697],[2.04788828,49.06493782],[2.04953163,49.06462634],[2.05058535,49.06429621],[2.05082593,49.06423617]]]]}},{"type":"Feature","properties":{"identifian":"QN09542N","libelle":"Boyenval","commune_ag":"Beaumont-sur-Oise","NPNRU":null,"auxiliary_storage_labeling_positionx":649305.236638377,"auxiliary_storage_labeling_positiony":6893281.932868622,"auxiliary_storage_labeling_lineanchorpercent":null,"auxiliary_storage_labeling_lineanchorclipping":null,"auxiliary_storage_labeling_lineanchortype":null,"auxiliary_storage_labeling_lineanchortextpoint":null,"auxiliary_storage_callouts_originx":null,"auxiliary_storage_callouts_originy":null,"auxiliary_storage_callouts_destinationx":null,"auxiliary_storage_callouts_destinationy":null},"geometry":{"type":"MultiPolygon","coordinates":[[[[2.30131109,49.14205756],[2.29802098,49.14134247],[2.29789205,49.14160514],[2.29792172,49.14161177],[2.29786562,49.141721],[2.29782233,49.14171163],[2.29773104,49.14190238],[2.29757213,49.14220787],[2.29757572,49.14234021],[2.29755898,49.14235899],[2.29742518,49.14264477],[2.29748743,49.14281304],[2.29756329,49.14299252],[2.2980654,49.14285979],[2.29820687,49.1430349],[2.29805947,49.14333489],[2.29840504,49.14340713],[2.29836949,49.14347881],[2.29887109,49.143589],[2.29891787,49.14361211],[2.29814379,49.1440712],[2.29771737,49.14462772],[2.29767624,49.14469436],[2.2978721,49.14477878],[2.29869,49.14500679],[2.29916164,49.14427304],[2.29942689,49.14384434],[2.29971313,49.14391178],[2.29971937,49.14386026],[2.29980734,49.14344536],[2.29978184,49.14340187],[2.29984761,49.14315319],[2.29986674,49.14307625],[2.30032015,49.14315784],[2.30033355,49.14333963],[2.30107605,49.14314521],[2.30127499,49.1431488],[2.30133652,49.14242755],[2.30135309,49.14220545],[2.30131109,49.14205756]]]]}},{"type":"Feature","properties":{"identifian":"QN09502I","libelle":"Justice - Butte Blanche","commune_ag":"Argenteuil, Bezons","NPNRU":null,"auxiliary_storage_labeling_positionx":639291.3901603927,"auxiliary_storage_labeling_positiony":6871207.538316764,"auxiliary_storage_labeling_lineanchorpercent":null,"auxiliary_storage_labeling_lineanchorclipping":null,"auxiliary_storage_labeling_lineanchortype":null,"auxiliary_storage_labeling_lineanchortextpoint":null,"auxiliary_storage_callouts_originx":null,"auxiliary_storage_callouts_originy":null,"auxiliary_storage_callouts_destinationx":null,"auxiliary_storage_callouts_destinationy":null},"geometry":{"type":"MultiPolygon","coordinates":[[[[2.21342294,48.93785079],[2.21309592,48.93757727],[2.21299905,48.9374844],[2.21290648,48.93737471],[2.21319238,48.93707417],[2.21294092,48.93696698],[2.21270809,48.93722674],[2.21253789,48.93716067],[2.21253789,48.93716067],[2.21253789,48.93716067],[2.21253789,48.93716067],[2.21253789,48.93716067],[2.21253789,48.93716067],[2.21240817,48.93730049],[2.21234013,48.93728208],[2.21226073,48.93728067],[2.2122563,48.93727466],[2.2122563,48.93727466],[2.2122563,48.93727466],[2.2122563,48.93727466],[2.21201329,48.93759153],[2.21201329,48.93759153],[2.21186723,48.93788687],[2.21231704,48.93780739],[2.21256986,48.93816662],[2.21256986,48.93816662],[2.21256986,48.93816662],[2.21256986,48.93816662],[2.21256986,48.93816662],[2.21256986,48.93816662],[2.21362929,48.93788501],[2.21378337,48.93787032],[2.21378337,48.93787032],[2.21378337,48.93787032],[2.21378337,48.93787032],[2.2139082,48.9377644],[2.21415716,48.93781504],[2.21435418,48.9378722],[2.21449325,48.93788974],[2.21505272,48.93805969],[2.21511775,48.93807652],[2.21519311,48.93807879],[2.21677937,48.9385858],[2.21654512,48.93903302],[2.21653909,48.93912033],[2.21657097,48.93941697],[2.2166258,48.93941556],[2.2166258,48.93941556],[2.21680553,48.93941368],[2.21681419,48.93949449],[2.21681419,48.93949449],[2.21681419,48.93949449],[2.21681419,48.93949449],[2.21681419,48.93949449],[2.21680809,48.93949479],[2.2170732,48.93948915],[2.21710098,48.93975699],[2.21737839,48.93975171],[2.21736216,48.93939864],[2.21747254,48.93939936],[2.21748908,48.93910525],[2.21654852,48.93911995],[2.21655718,48.93903664],[2.21680088,48.93858772],[2.21681488,48.93855145],[2.21692044,48.93833574],[2.21719953,48.93777087],[2.21720469,48.93771732],[2.21721974,48.93762783],[2.21640852,48.93741071],[2.21647286,48.93729957],[2.21607085,48.93718393],[2.21609259,48.93712554],[2.21593876,48.93712709],[2.21593876,48.93712709],[2.21593876,48.93712709],[2.21593876,48.93712709],[2.21593876,48.93712709],[2.21593876,48.93712709],[2.21591497,48.93727636],[2.21591497,48.93727636],[2.21591497,48.93727636],[2.21591497,48.93727636],[2.21586131,48.937332],[2.21585805,48.93736967],[2.21584463,48.93736648],[2.21570144,48.93766707],[2.21553049,48.93757727],[2.21504318,48.93739848],[2.21446214,48.93718626],[2.21418145,48.93749925],[2.21383218,48.93737334],[2.21383218,48.93737334],[2.21383218,48.93737334],[2.21383218,48.93737334],[2.21352138,48.93773245],[2.21352568,48.93773396],[2.2135213,48.93776182],[2.2135213,48.93776182],[2.2135213,48.93776182],[2.2135213,48.93776182],[2.21361061,48.93781478],[2.21352415,48.93783461],[2.21342294,48.93785079]]]]}},{"type":"Feature","properties":{"identifian":"QN09505M","libelle":"Val D'Argent Nord","commune_ag":"Argenteuil","NPNRU":null,"auxiliary_storage_labeling_positionx":641389.117689341,"auxiliary_storage_labeling_positiony":6873639.993318354,"auxiliary_storage_labeling_lineanchorpercent":null,"auxiliary_storage_labeling_lineanchorclipping":null,"auxiliary_storage_labeling_lineanchortype":null,"auxiliary_storage_labeling_lineanchortextpoint":null,"auxiliary_storage_callouts_originx":null,"auxiliary_storage_callouts_originy":null,"auxiliary_storage_callouts_destinationx":null,"auxiliary_storage_callouts_destinationy":null},"geometry":{"type":"MultiPolygon","coordinates":[[[[2.23369042,48.95669784],[2.23414535,48.955811],[2.23413746,48.95577037],[2.2340404,48.95572499],[2.23238946,48.95531572],[2.23315543,48.9546575],[2.23153716,48.95430369],[2.23157944,48.95320365],[2.23137358,48.95319044],[2.23117332,48.95315768],[2.23075741,48.95305638],[2.23076652,48.95265563],[2.23011329,48.95265773],[2.23110986,48.95076919],[2.23036818,48.95064972],[2.22928936,48.95149337],[2.22869039,48.95120413],[2.22810037,48.95088416],[2.22725711,48.95045343],[2.2271871,48.95030469],[2.22699199,48.95028384],[2.22647996,48.95029173],[2.2255723,48.95033624],[2.22449047,48.95037961],[2.22309613,48.95058323],[2.22181496,48.95088829],[2.22133939,48.95101391],[2.22054909,48.95130536],[2.21981536,48.95164754],[2.21915301,48.95204614],[2.21638804,48.9542525],[2.21634833,48.95435017],[2.21642721,48.95461369],[2.21655978,48.9548384],[2.21682485,48.95501081],[2.2170193,48.95507643],[2.21736222,48.95515701],[2.22090536,48.95531439],[2.22094081,48.95521669],[2.22171004,48.95463411],[2.22262666,48.95385383],[2.22346637,48.9539544],[2.22309668,48.95545172],[2.22369824,48.95549759],[2.22475762,48.95561356],[2.22497867,48.95567655],[2.2256671,48.9559524],[2.22644681,48.95601899],[2.22852431,48.95634924],[2.23064014,48.95635235],[2.23089467,48.95637916],[2.23103405,48.95643462],[2.23154462,48.95602659],[2.23165818,48.95610496],[2.23181493,48.95620739],[2.23205993,48.95633976],[2.23227168,48.95638659],[2.23369042,48.95669784]]]]}},{"type":"Feature","properties":{"identifian":"QN09541N","libelle":"Bon temps - Terroir","commune_ag":"Cergy","NPNRU":null,"auxiliary_storage_labeling_positionx":625639.3782242838,"auxiliary_storage_labeling_positiony":6883800.12426091,"auxiliary_storage_labeling_lineanchorpercent":null,"auxiliary_storage_labeling_lineanchorclipping":null,"auxiliary_storage_labeling_lineanchortype":null,"auxiliary_storage_labeling_lineanchortextpoint":null,"auxiliary_storage_callouts_originx":null,"auxiliary_storage_callouts_originy":null,"auxiliary_storage_callouts_destinationx":null,"auxiliary_storage_callouts_destinationy":null},"geometry":{"type":"MultiPolygon","coordinates":[[[[2.02148447,49.05072626],[2.02191257,49.0525729],[2.02191257,49.0525729],[2.02191257,49.0525729],[2.02191257,49.0525729],[2.02191257,49.0525729],[2.02191257,49.0525729],[2.02395967,49.05237906],[2.02395967,49.05237906],[2.02395967,49.05237906],[2.02395967,49.05237906],[2.02395967,49.05237906],[2.02395967,49.05237906],[2.02327471,49.04959885],[2.02327471,49.04959885],[2.02327471,49.04959885],[2.02327471,49.04959885],[2.02327471,49.04959885],[2.02327471,49.04959885],[2.02327471,49.04959885],[2.02080729,49.04984372],[2.02072167,49.04984882],[2.02072167,49.04984882],[2.01815307,49.0501192],[2.01815307,49.0501192],[2.01815307,49.0501192],[2.01815307,49.0501192],[2.01815307,49.0501192],[2.0180441,49.05079768],[2.0180441,49.05079768],[2.0180441,49.05079768],[2.0180441,49.05079768],[2.0180441,49.05079768],[2.0180441,49.05079768],[2.02058157,49.05082318],[2.02058157,49.05082318],[2.02148447,49.05072626]]]]}},{"type":"Feature","properties":{"identifian":"QN09519M","libelle":"Centre Ville","commune_ag":"Montmagny","NPNRU":null,"auxiliary_storage_labeling_positionx":652731.7600688295,"auxiliary_storage_labeling_positiony":6872657.31961173,"auxiliary_storage_labeling_lineanchorpercent":null,"auxiliary_storage_labeling_lineanchorclipping":null,"auxiliary_storage_labeling_lineanchortype":null,"auxiliary_storage_labeling_lineanchortextpoint":null,"auxiliary_storage_callouts_originx":null,"auxiliary_storage_callouts_originy":null,"auxiliary_storage_callouts_destinationx":null,"auxiliary_storage_callouts_destinationy":null},"geometry":{"type":"MultiPolygon","coordinates":[[[[2.34614734,48.97456115],[2.34626478,48.97478539],[2.34662512,48.97470053],[2.34654143,48.97454162],[2.34650483,48.97447659],[2.34660435,48.97445398],[2.34687411,48.97457949],[2.34699439,48.97476983],[2.34717582,48.97508595],[2.34746122,48.97558267],[2.34849538,48.97534695],[2.34842896,48.97515372],[2.34833077,48.97490327],[2.34831234,48.97490672],[2.34830605,48.97489046],[2.34819295,48.9746572],[2.34903802,48.97452146],[2.34921398,48.97448789],[2.34910963,48.97428897],[2.34889574,48.97431684],[2.34845715,48.97435541],[2.34832396,48.97438001],[2.34781867,48.97446832],[2.34762823,48.97414738],[2.34686828,48.97434419],[2.34660772,48.97438578],[2.34660197,48.97424434],[2.34643436,48.97398707],[2.34627637,48.97372062],[2.34624672,48.97367164],[2.34634722,48.97365348],[2.34688161,48.97349416],[2.346868,48.973466],[2.34709782,48.97339965],[2.34709923,48.97340939],[2.34764544,48.97325017],[2.34769775,48.9733249],[2.34822204,48.97316387],[2.3485808,48.97364118],[2.34868406,48.97360859],[2.34885791,48.97385636],[2.34901973,48.97382375],[2.34932381,48.97381713],[2.35091337,48.97354163],[2.35090474,48.97336177],[2.35090311,48.97314014],[2.35073495,48.97237265],[2.35149098,48.97233539],[2.35139507,48.97196853],[2.35141939,48.97193186],[2.35150084,48.97171658],[2.3513183,48.97132557],[2.35119596,48.97106359],[2.35156624,48.97096946],[2.35175502,48.97091894],[2.35151971,48.97062714],[2.35130918,48.97038205],[2.35091628,48.97057624],[2.35051893,48.97071054],[2.35004811,48.97079399],[2.35050806,48.97188227],[2.35061819,48.97211607],[2.34920262,48.97235213],[2.34926515,48.97250483],[2.34931454,48.97249655],[2.34937888,48.97269],[2.34945642,48.97267437],[2.3494767,48.9727371],[2.34945689,48.97274353],[2.34948945,48.97286282],[2.34962055,48.97284268],[2.34967342,48.97304164],[2.3497548,48.97302841],[2.34981663,48.97317836],[2.34919829,48.97326081],[2.34889496,48.9733054],[2.34834015,48.97247047],[2.34696899,48.97282687],[2.34600532,48.97314248],[2.34582094,48.97315017],[2.34516293,48.97322851],[2.34518623,48.97334805],[2.34526931,48.97353375],[2.34495342,48.97358498],[2.34501321,48.97372089],[2.34467898,48.97381303],[2.34486903,48.97409571],[2.34547911,48.973931],[2.34552253,48.97401647],[2.34557732,48.974122],[2.34561115,48.97417475],[2.34567205,48.97418639],[2.34592312,48.97413606],[2.34603717,48.97410369],[2.34604061,48.97408353],[2.34623305,48.97402202],[2.34630937,48.97400158],[2.3464193,48.97398616],[2.34659317,48.9742447],[2.34659823,48.97444154],[2.34614734,48.97456115]]]]}},{"type":"Feature","properties":{"identifian":"QN09515M","libelle":"Louvrais","commune_ag":"Pontoise","NPNRU":null,"auxiliary_storage_labeling_positionx":634164.2615710179,"auxiliary_storage_labeling_positiony":6886331.9632751215,"auxiliary_storage_labeling_lineanchorpercent":null,"auxiliary_storage_labeling_lineanchorclipping":null,"auxiliary_storage_labeling_lineanchortype":null,"auxiliary_storage_labeling_lineanchortextpoint":null,"auxiliary_storage_callouts_originx":null,"auxiliary_storage_callouts_originy":null,"auxiliary_storage_callouts_destinationx":null,"auxiliary_storage_callouts_destinationy":null},"geometry":{"type":"MultiPolygon","coordinates":[[[[2.09226501,49.06420819],[2.09330396,49.06494643],[2.09404519,49.06448188],[2.09415834,49.06444886],[2.0940644,49.06400341],[2.0941004,49.06388336],[2.09406797,49.06364336],[2.0940126,49.06300836],[2.09390579,49.06287252],[2.09397454,49.06274113],[2.09391489,49.06138015],[2.09389125,49.06129709],[2.09355405,49.06134535],[2.09336911,49.0611403],[2.09243609,49.06047594],[2.09262838,49.06033746],[2.09284069,49.06014031],[2.09292212,49.06005982],[2.09170724,49.05905688],[2.09126589,49.05877438],[2.09052131,49.05864281],[2.08953054,49.05853013],[2.08949971,49.05858694],[2.08892583,49.05883037],[2.08893293,49.05888924],[2.08839789,49.06128316],[2.08828132,49.0614338],[2.08776044,49.06170748],[2.08798731,49.06191776],[2.08741662,49.06224721],[2.08898672,49.06378186],[2.08916469,49.06357242],[2.08966507,49.06284404],[2.09015203,49.06291903],[2.09070506,49.06293925],[2.09221667,49.06290077],[2.09226501,49.06420819]]]]}},{"type":"Feature","properties":{"identifian":"QN09518I","libelle":"Les Lévriers","commune_ag":"Montmagny","NPNRU":null,"auxiliary_storage_labeling_positionx":649944.2597121749,"auxiliary_storage_labeling_positiony":6876088.072100246,"auxiliary_storage_labeling_lineanchorpercent":null,"auxiliary_storage_labeling_lineanchorclipping":null,"auxiliary_storage_labeling_lineanchortype":null,"auxiliary_storage_labeling_lineanchortextpoint":null,"auxiliary_storage_callouts_originx":null,"auxiliary_storage_callouts_originy":null,"auxiliary_storage_callouts_destinationx":null,"auxiliary_storage_callouts_destinationy":null},"geometry":{"type":"MultiPolygon","coordinates":[[[[2.33730864,48.97516677],[2.33728991,48.975131],[2.3371934,48.97490473],[2.33731852,48.97487796],[2.33724345,48.97467926],[2.33749056,48.97463499],[2.33737795,48.97444452],[2.3383742,48.97411298],[2.33832102,48.97403577],[2.3383294,48.97401242],[2.33857056,48.97407696],[2.33867644,48.97395434],[2.33887643,48.97401629],[2.3391778,48.9739183],[2.33948033,48.97430023],[2.33982375,48.9741901],[2.33951168,48.97374135],[2.33940483,48.97360023],[2.33909046,48.97300206],[2.33905291,48.97298456],[2.33891216,48.97301854],[2.33853367,48.9723833],[2.33735292,48.97257069],[2.33735916,48.97258923],[2.33635905,48.9727719],[2.33627071,48.97299793],[2.33625892,48.97302379],[2.33624342,48.97306479],[2.33620741,48.97314446],[2.33617071,48.97322768],[2.33605489,48.97349254],[2.33590251,48.97393522],[2.33587512,48.97407729],[2.33587166,48.97413753],[2.33587513,48.97418186],[2.33594055,48.97432932],[2.3360313,48.97441711],[2.33718907,48.9751475],[2.33720481,48.97518037],[2.33730864,48.97516677]]]]}},{"type":"Feature","properties":{"identifian":"QN09525M","libelle":"Bas Des Aulnaies - Carreaux Fleuris - Fontaine Bertin","commune_ag":"Franconville, Sannois","NPNRU":"PRIR","auxiliary_storage_labeling_positionx":639937.6333191636,"auxiliary_storage_labeling_positiony":6874861.989097508,"auxiliary_storage_labeling_lineanchorpercent":null,"auxiliary_storage_labeling_lineanchorclipping":null,"auxiliary_storage_labeling_lineanchortype":null,"auxiliary_storage_labeling_lineanchortextpoint":null,"auxiliary_storage_callouts_originx":null,"auxiliary_storage_callouts_originy":null,"auxiliary_storage_callouts_destinationx":null,"auxiliary_storage_callouts_destinationy":null},"geometry":{"type":"MultiPolygon","coordinates":[[[[2.23688907,48.98414828],[2.23716173,48.98415358],[2.23729702,48.9841422],[2.23896006,48.9838064],[2.23913156,48.98377729],[2.24038435,48.98373026],[2.24043707,48.98372804],[2.24048202,48.9837063],[2.24050124,48.9837056],[2.2405492,48.98364716],[2.24061915,48.98344198],[2.24070146,48.9830688],[2.240739,48.98262027],[2.24066539,48.98222815],[2.24054588,48.98124499],[2.240486,48.98093129],[2.24068499,48.98088686],[2.24246638,48.98028942],[2.24243766,48.98038879],[2.24275984,48.98082256],[2.243466,48.980596],[2.24405931,48.98037291],[2.2441276,48.97993925],[2.24423522,48.97986976],[2.24510453,48.97958965],[2.24610548,48.97916431],[2.24681259,48.97878526],[2.2472814,48.9786398],[2.2474051,48.97882824],[2.24776968,48.97873333],[2.24826001,48.97954174],[2.24914543,48.97936798],[2.24986043,48.97927771],[2.24972277,48.97880961],[2.24973711,48.97846088],[2.24971125,48.9784699],[2.2495256,48.97795694],[2.2475373,48.97855889],[2.24722074,48.97820615],[2.24696841,48.97859653],[2.24707924,48.97868983],[2.24680473,48.97877134],[2.24666168,48.97884877],[2.24600216,48.97919467],[2.24589885,48.97909539],[2.24481172,48.97798702],[2.24434808,48.97816034],[2.24393246,48.97775954],[2.24325762,48.97809309],[2.24130313,48.97900603],[2.24023022,48.97947575],[2.23975099,48.9785099],[2.23839545,48.97897934],[2.23774726,48.97922501],[2.23754303,48.97928899],[2.2374914,48.97925928],[2.23739217,48.97926355],[2.23723735,48.97900146],[2.23609172,48.97935564],[2.23586121,48.97905635],[2.23544315,48.97920463],[2.23545268,48.9792308],[2.23513569,48.97937565],[2.23523847,48.9794677],[2.23496128,48.97960301],[2.23472811,48.97944323],[2.23455069,48.97953838],[2.23466305,48.97961008],[2.23435308,48.97990919],[2.23459801,48.98002825],[2.23462773,48.98003088],[2.23465225,48.98004899],[2.23496577,48.98022479],[2.23322389,48.98133152],[2.23261583,48.98057696],[2.2325009,48.98046852],[2.23240978,48.98042713],[2.23227149,48.98039035],[2.2318754,48.98035028],[2.23172209,48.98032319],[2.23164427,48.98022069],[2.23154971,48.98024375],[2.23081202,48.98050339],[2.23063601,48.98050226],[2.2294673,48.98090274],[2.22933304,48.98092798],[2.22933891,48.98103409],[2.22945597,48.9811654],[2.22949143,48.98128149],[2.22945085,48.98134324],[2.22922083,48.98147313],[2.22913286,48.98155335],[2.22909941,48.98163554],[2.22905564,48.98174541],[2.22904944,48.9818286],[2.22914814,48.98202751],[2.23145886,48.98169311],[2.23187515,48.98221227],[2.23274192,48.9816083],[2.23310349,48.981804],[2.23313581,48.98188172],[2.23380896,48.98146009],[2.23388023,48.98150298],[2.23392984,48.98150166],[2.23467576,48.98102012],[2.23490393,48.98101505],[2.23491428,48.98031177],[2.2350227,48.98023076],[2.23526222,48.98012785],[2.2357571,48.97994089],[2.23688766,48.97951645],[2.23723791,48.97946972],[2.23725431,48.9795352],[2.23735105,48.97957335],[2.23751948,48.97958421],[2.23771996,48.98011422],[2.2383433,48.98190347],[2.23836654,48.98234749],[2.23829383,48.98257223],[2.23814506,48.98291072],[2.2377726,48.98328695],[2.23685127,48.98402106],[2.23676275,48.98413962],[2.23688907,48.98414828]]]]}},{"type":"Feature","properties":{"identifian":"QN09539M","libelle":"Les Raguenets","commune_ag":"Saint-Gratien","NPNRU":null,"auxiliary_storage_labeling_positionx":648161.0707145199,"auxiliary_storage_labeling_positiony":6874187.888054165,"auxiliary_storage_labeling_lineanchorpercent":null,"auxiliary_storage_labeling_lineanchorclipping":null,"auxiliary_storage_labeling_lineanchortype":null,"auxiliary_storage_labeling_lineanchortextpoint":null,"auxiliary_storage_callouts_originx":null,"auxiliary_storage_callouts_originy":null,"auxiliary_storage_callouts_destinationx":null,"auxiliary_storage_callouts_destinationy":null},"geometry":{"type":"MultiPolygon","coordinates":[[[[2.28325687,48.96249631],[2.28329874,48.96253958],[2.283367,48.96256365],[2.28343539,48.96257911],[2.28470674,48.96276845],[2.28479813,48.9627733],[2.28476733,48.96228164],[2.28486411,48.96231071],[2.28486062,48.96232682],[2.28500328,48.96234542],[2.28516322,48.9623539],[2.28523139,48.96214782],[2.28574657,48.96221542],[2.28563961,48.9625116],[2.28587763,48.96254313],[2.28593552,48.96237141],[2.28601397,48.96236757],[2.28604375,48.96233979],[2.28610708,48.96224768],[2.28613795,48.96214032],[2.28614522,48.96208659],[2.28644839,48.96213141],[2.28651501,48.96191887],[2.28686735,48.96195108],[2.28697559,48.96168071],[2.28736082,48.9616959],[2.28778655,48.9616167],[2.28812891,48.96166282],[2.28813748,48.96163276],[2.28847317,48.96168853],[2.28845292,48.96173573],[2.2887202,48.96177818],[2.28864572,48.96196917],[2.28962404,48.96208896],[2.28973047,48.96206916],[2.28997804,48.9614017],[2.2898957,48.96121193],[2.28916375,48.96135063],[2.2888901,48.96141676],[2.28877682,48.96145911],[2.28860475,48.9613828],[2.28799391,48.96090598],[2.28777358,48.96077562],[2.28747436,48.96068135],[2.28713379,48.96062448],[2.28555545,48.96043441],[2.28538904,48.96089694],[2.28551133,48.96091165],[2.28531912,48.96146866],[2.28497688,48.961415],[2.28501037,48.96135497],[2.28481307,48.96133121],[2.28488962,48.96110905],[2.2841249,48.96101738],[2.28392545,48.96162489],[2.28377235,48.96159386],[2.28365304,48.96195558],[2.28387473,48.96198701],[2.28384023,48.96212016],[2.28314926,48.96200849],[2.28310269,48.96218781],[2.2832072,48.96218951],[2.28326087,48.96220596],[2.28330278,48.96224601],[2.28331347,48.96229984],[2.28328124,48.96238676],[2.28325687,48.96249631]]]]}},{"type":"Feature","properties":{"identifian":"QN09535M","libelle":"Village - Mozart","commune_ag":"Sarcelles","NPNRU":"PRIR","auxiliary_storage_labeling_positionx":655599.3391973549,"auxiliary_storage_labeling_positiony":6876704.702082551,"auxiliary_storage_labeling_lineanchorpercent":null,"auxiliary_storage_labeling_lineanchorclipping":null,"auxiliary_storage_labeling_lineanchortype":null,"auxiliary_storage_labeling_lineanchortextpoint":null,"auxiliary_storage_callouts_originx":null,"auxiliary_storage_callouts_originy":null,"auxiliary_storage_callouts_destinationx":null,"auxiliary_storage_callouts_destinationy":null},"geometry":{"type":"MultiPolygon","coordinates":[[[[2.37789282,48.98556441],[2.37912053,48.98641514],[2.37970549,48.98667121],[2.37956268,48.98688962],[2.37751465,48.98620236],[2.37530428,48.9854181],[2.37493854,48.9852898],[2.37562151,48.98484354],[2.37637498,48.98436304],[2.37658907,48.98428918],[2.37657618,48.98414686],[2.3765418,48.98409094],[2.3765869,48.98398352],[2.37657888,48.98392197],[2.37635181,48.98387628],[2.37480467,48.98340062],[2.37314602,48.98448914],[2.3728115,48.98471782],[2.37131874,48.98512521],[2.37205787,48.98662188],[2.3724114,48.98737538],[2.37311396,48.98722158],[2.37318583,48.98735083],[2.37364155,48.98711157],[2.37483271,48.98779438],[2.37500579,48.9876503],[2.3761479,48.98854283],[2.37600203,48.9885706],[2.37645898,48.98893855],[2.37726065,48.98842721],[2.37751592,48.98857352],[2.37762654,48.98853382],[2.37772924,48.9885876],[2.37789653,48.98852119],[2.37793119,48.98855405],[2.37798926,48.98858319],[2.37805027,48.98861041],[2.37807012,48.9886605],[2.37808124,48.9887424],[2.37775107,48.98912787],[2.37771776,48.98920182],[2.37770458,48.98927459],[2.37725475,48.98941253],[2.37677267,48.98961956],[2.37627646,48.98986248],[2.37590455,48.99011143],[2.37553406,48.99040834],[2.37471869,48.9911151],[2.37446904,48.99128596],[2.37452149,48.99143625],[2.37476534,48.99178986],[2.37523724,48.9921736],[2.37529571,48.99226577],[2.37546631,48.99241083],[2.3768714,48.9932359],[2.37660027,48.99342377],[2.37716736,48.99379411],[2.37700783,48.99394322],[2.37707176,48.99397142],[2.37682008,48.99420336],[2.37643115,48.99450784],[2.37628402,48.99461899],[2.37670418,48.99490375],[2.37692163,48.99504136],[2.37697858,48.99504262],[2.37782498,48.99559486],[2.37812259,48.99534316],[2.37834341,48.99547],[2.37844957,48.99540082],[2.37855094,48.99545863],[2.3785575,48.995448],[2.37868745,48.99553768],[2.37876376,48.99547162],[2.37873169,48.99544193],[2.37884009,48.99541558],[2.37889329,48.99536395],[2.37869254,48.99523838],[2.37867336,48.99525084],[2.37866322,48.99524358],[2.37865002,48.99524832],[2.37863846,48.9952372],[2.37862748,48.99524003],[2.37860079,48.99521202],[2.37860304,48.99520674],[2.37859586,48.99519661],[2.37861054,48.99519044],[2.37855085,48.99517379],[2.37843184,48.9951107],[2.37863229,48.99494113],[2.37888764,48.99466806],[2.37878389,48.99449691],[2.37848115,48.99416279],[2.37825665,48.99397443],[2.37780458,48.99357875],[2.37750804,48.99345996],[2.37778233,48.9932793],[2.37797579,48.99337793],[2.37810943,48.99333786],[2.37903417,48.99265998],[2.37920322,48.99250801],[2.37931929,48.99238227],[2.37866717,48.99201616],[2.37855496,48.99202174],[2.37852918,48.99197932],[2.37834308,48.99186951],[2.3787806,48.99147313],[2.37898911,48.99125795],[2.37943138,48.99054707],[2.37939473,48.99043635],[2.37950816,48.9904773],[2.37962114,48.99043368],[2.37992912,48.99041735],[2.38046931,48.99046857],[2.38065396,48.99047866],[2.38069489,48.99043319],[2.38079494,48.99033225],[2.38085588,48.99024575],[2.3820619,48.98826398],[2.38223072,48.98800678],[2.38074968,48.98728405],[2.37962073,48.98692067],[2.37994695,48.98650714],[2.38031662,48.9861111],[2.38108845,48.98554426],[2.38152392,48.98535209],[2.38166481,48.98530544],[2.38087971,48.98452093],[2.38072692,48.98453696],[2.38022872,48.98443251],[2.37897109,48.9852419],[2.37839007,48.98489246],[2.37822605,48.98514878],[2.37824134,48.9851527],[2.37789282,48.98556441]]]]}},{"type":"Feature","properties":{"identifian":"QN09501M","libelle":"Noyer Crapaud","commune_ag":"Andilly, Soisy-sous-Montmorency, Eaubonne","NPNRU":null,"auxiliary_storage_labeling_positionx":null,"auxiliary_storage_labeling_positiony":null,"auxiliary_storage_labeling_lineanchorpercent":null,"auxiliary_storage_labeling_lineanchorclipping":null,"auxiliary_storage_labeling_lineanchortype":null,"auxiliary_storage_labeling_lineanchortextpoint":null,"auxiliary_storage_callouts_originx":null,"auxiliary_storage_callouts_originy":null,"auxiliary_storage_callouts_destinationx":null,"auxiliary_storage_callouts_destinationy":null},"geometry":{"type":"MultiPolygon","coordinates":[[[[2.29347338,48.99281543],[2.29149922,48.99357819],[2.29141778,48.99362892],[2.29199905,48.99455602],[2.29223236,48.99489036],[2.29284563,48.9958825],[2.29284511,48.9958833],[2.29284511,48.9958833],[2.29284511,48.9958833],[2.29284511,48.9958833],[2.29314237,48.99583232],[2.29357012,48.99574353],[2.29374971,48.99570981],[2.29379132,48.99567334],[2.29382133,48.99562617],[2.2942189,48.99424591],[2.29434289,48.99376548],[2.29435361,48.99362448],[2.29433297,48.99349469],[2.29428835,48.99325793],[2.29427954,48.99310141],[2.29430064,48.99298358],[2.29431113,48.99296916],[2.29373958,48.99289043],[2.29347338,48.99281543]]]]}},{"type":"Feature","properties":{"identifian":"QN09516M","libelle":"Chennevières - Parc Le Nôtre","commune_ag":"Saint-Ouen-l'Aumône","NPNRU":null,"auxiliary_storage_labeling_positionx":635658.1775829768,"auxiliary_storage_labeling_positiony":6883428.080303453,"auxiliary_storage_labeling_lineanchorpercent":null,"auxiliary_storage_labeling_lineanchorclipping":null,"auxiliary_storage_labeling_lineanchortype":null,"auxiliary_storage_labeling_lineanchortextpoint":null,"auxiliary_storage_callouts_originx":null,"auxiliary_storage_callouts_originy":null,"auxiliary_storage_callouts_destinationx":null,"auxiliary_storage_callouts_destinationy":null},"geometry":{"type":"MultiPolygon","coordinates":[[[[2.11347388,49.04244136],[2.11279287,49.04212166],[2.11234212,49.04192339],[2.11213732,49.04188427],[2.11092459,49.04118763],[2.11089012,49.04115514],[2.11092671,49.04113162],[2.11220669,49.04042194],[2.11190387,49.04010734],[2.11180291,49.04000374],[2.11164472,49.03983373],[2.11135168,49.03949386],[2.11159849,49.03939745],[2.11186155,49.03930576],[2.11162113,49.03902922],[2.11156162,49.0389597],[2.11156518,49.03888759],[2.11065095,49.0378071],[2.11141524,49.03755411],[2.11121483,49.03725944],[2.11088795,49.03685178],[2.11051488,49.03641462],[2.11044892,49.03631282],[2.11046668,49.03623006],[2.1105048,49.03618583],[2.11056347,49.03616784],[2.11073401,49.03616143],[2.1108655,49.03611789],[2.11098353,49.03604202],[2.11123625,49.03587197],[2.11155139,49.03573768],[2.11134918,49.03547985],[2.11195971,49.03527407],[2.11201773,49.03461138],[2.11154729,49.03427174],[2.11099089,49.03445335],[2.11096922,49.03449157],[2.11067413,49.03458033],[2.11052274,49.03438925],[2.11021762,49.03393878],[2.10990649,49.03383976],[2.10979172,49.03386194],[2.10879636,49.03418305],[2.10844023,49.03425715],[2.10803617,49.03419966],[2.10788646,49.03421697],[2.10664075,49.03463674],[2.10743307,49.03567107],[2.10748731,49.03563924],[2.10909167,49.03506786],[2.10921034,49.03522684],[2.1093547,49.0352494],[2.10946518,49.03520571],[2.10948739,49.03527188],[2.10946493,49.03535614],[2.10947815,49.03540228],[2.1095204,49.03538878],[2.10974631,49.03569285],[2.10879512,49.03595519],[2.10885515,49.03606231],[2.10798165,49.03635362],[2.10768148,49.03643121],[2.10811302,49.03706453],[2.10750259,49.03726261],[2.10797531,49.03774197],[2.10780584,49.03768545],[2.10626209,49.0375788],[2.10581255,49.03751713],[2.1048067,49.03722259],[2.10443828,49.03773714],[2.10431353,49.03793115],[2.10422026,49.03819447],[2.10427459,49.03829312],[2.10430198,49.03860032],[2.10434292,49.03879864],[2.10472211,49.03874314],[2.10508239,49.03870131],[2.10514271,49.03872324],[2.10519123,49.03875277],[2.10551521,49.03905604],[2.1058138,49.03934224],[2.10605377,49.03923658],[2.10615348,49.03900553],[2.10613732,49.03899467],[2.10632654,49.03885332],[2.1064533,49.03867774],[2.10661095,49.03860677],[2.10670439,49.0383327],[2.1074939,49.03844756],[2.10754366,49.03840495],[2.10772464,49.03847076],[2.10778436,49.038528],[2.10842655,49.03906388],[2.10902739,49.03888107],[2.11030132,49.0404301],[2.11076452,49.04105904],[2.11090807,49.04119748],[2.11211962,49.04189488],[2.11163648,49.04208856],[2.1111316,49.04225674],[2.11004511,49.04257258],[2.10992466,49.04251642],[2.1094041,49.04223627],[2.10923931,49.04231486],[2.10890963,49.04203536],[2.10855868,49.04221234],[2.10889232,49.04249956],[2.1090053,49.04244667],[2.10928721,49.04265292],[2.1093757,49.0427687],[2.10956378,49.04282996],[2.10978087,49.04296971],[2.10960589,49.04309735],[2.10978605,49.04321228],[2.11000334,49.04306807],[2.11023739,49.04303603],[2.11034811,49.04311513],[2.11041327,49.0431279],[2.11090007,49.04295958],[2.11109301,49.04283975],[2.11189466,49.04337525],[2.11211147,49.04325866],[2.11224334,49.04333024],[2.11347388,49.04244136]]]]}},{"type":"Feature","properties":{"identifian":"QN09533M","libelle":"Saint Blin","commune_ag":"Arnouville, Gonesse","NPNRU":null,"auxiliary_storage_labeling_positionx":658993.3264470025,"auxiliary_storage_labeling_positiony":6877295.751933476,"auxiliary_storage_labeling_lineanchorpercent":null,"auxiliary_storage_labeling_lineanchorclipping":null,"auxiliary_storage_labeling_lineanchortype":null,"auxiliary_storage_labeling_lineanchortextpoint":null,"auxiliary_storage_callouts_originx":null,"auxiliary_storage_callouts_originy":null,"auxiliary_storage_callouts_destinationx":null,"auxiliary_storage_callouts_destinationy":null},"geometry":{"type":"MultiPolygon","coordinates":[[[[2.4323191,48.98808148],[2.43257556,48.98824545],[2.43268643,48.9883324],[2.43342984,48.98838587],[2.43351239,48.98837484],[2.43355177,48.98834362],[2.43362314,48.9879646],[2.4336846,48.98759945],[2.43370908,48.98734333],[2.43382358,48.98668829],[2.43390435,48.98614336],[2.43391115,48.98601706],[2.43393983,48.98597294],[2.43399207,48.98595606],[2.43400535,48.98583193],[2.43262266,48.98572976],[2.4328168,48.98535727],[2.43317403,48.98544113],[2.43323449,48.98545501],[2.43331197,48.98545762],[2.43337099,48.98545481],[2.43344287,48.98543558],[2.43365783,48.98545287],[2.43384545,48.98527873],[2.43378328,48.98521135],[2.43373438,48.98512118],[2.43371855,48.98498121],[2.43364471,48.98498061],[2.43340163,48.98496458],[2.43337421,48.98490209],[2.4333537,48.98470028],[2.43329783,48.98440504],[2.43320992,48.98431745],[2.43199586,48.98404091],[2.43203939,48.98362999],[2.43202079,48.98334726],[2.43200107,48.9831673],[2.43203677,48.98307611],[2.43209005,48.98296358],[2.43403899,48.98343959],[2.43437904,48.98288447],[2.43476317,48.98296907],[2.43509532,48.98258789],[2.43504312,48.9825444],[2.43466001,48.98238289],[2.43414957,48.98223727],[2.43394754,48.98220784],[2.43356162,48.9820968],[2.43291476,48.98192137],[2.43272368,48.98185266],[2.43251985,48.98179575],[2.43238163,48.98173847],[2.4324298,48.98161895],[2.43257463,48.98148695],[2.43331041,48.98036034],[2.43315365,48.98036393],[2.4325814,48.98058151],[2.43241864,48.98057193],[2.43229197,48.98052893],[2.43222602,48.98042556],[2.43213677,48.98048738],[2.43138019,48.97972044],[2.43043796,48.97935642],[2.42884767,48.98051227],[2.42840694,48.98083283],[2.42885649,48.98099736],[2.42882736,48.98107844],[2.42884419,48.98114403],[2.42920136,48.98132747],[2.42905148,48.98158303],[2.42691871,48.98107038],[2.42621551,48.98234],[2.42659017,48.98259675],[2.42658018,48.98260391],[2.42662416,48.98263189],[2.42719913,48.98205598],[2.42795128,48.9814742],[2.42798432,48.98139666],[2.430647,48.98204314],[2.43086503,48.98213696],[2.43087952,48.98219984],[2.43091364,48.98225282],[2.43101315,48.98227613],[2.4307704,48.98265755],[2.43120739,48.98275955],[2.43111493,48.98293824],[2.43167695,48.98306833],[2.4319754,48.98313434],[2.43197284,48.98317002],[2.43199019,48.98336852],[2.43200486,48.98361412],[2.43196773,48.98403506],[2.43186355,48.98443855],[2.43183059,48.98467536],[2.43182557,48.98473815],[2.43152275,48.98466249],[2.43101342,48.98561936],[2.43004244,48.98555479],[2.43001368,48.98566499],[2.42993645,48.98631943],[2.42999201,48.98639535],[2.42993624,48.98673341],[2.42996818,48.9867878],[2.42980552,48.98698402],[2.4297056,48.98780021],[2.42973868,48.98783683],[2.42979343,48.98785128],[2.42989326,48.98786854],[2.43170608,48.98799331],[2.43181959,48.98802875],[2.43224821,48.98806676],[2.4323191,48.98808148]]]]}},{"type":"Feature","properties":{"identifian":"QN09522M","libelle":"Les Naquettes","commune_ag":"Herblay-sur-Seine","NPNRU":null,"auxiliary_storage_labeling_positionx":636025.5779271665,"auxiliary_storage_labeling_positiony":6879008.663313305,"auxiliary_storage_labeling_lineanchorpercent":null,"auxiliary_storage_labeling_lineanchorclipping":null,"auxiliary_storage_labeling_lineanchortype":null,"auxiliary_storage_labeling_lineanchortextpoint":null,"auxiliary_storage_callouts_originx":null,"auxiliary_storage_callouts_originy":null,"auxiliary_storage_callouts_destinationx":null,"auxiliary_storage_callouts_destinationy":null},"geometry":{"type":"MultiPolygon","coordinates":[[[[2.14794372,48.99462205],[2.14789749,48.99465543],[2.14790577,48.99474111],[2.1484262,48.99563157],[2.14941753,48.9971434],[2.15025365,48.99689109],[2.15056153,48.99753454],[2.15002379,48.99782541],[2.1500819,48.99791235],[2.15022463,48.99815748],[2.15024154,48.99830881],[2.1502317,48.99890993],[2.15024498,48.99911407],[2.1500048,48.99911205],[2.14951872,48.99912259],[2.14955062,48.9993463],[2.14959652,48.99974544],[2.15029192,48.99975658],[2.1502729,48.99915201],[2.15037008,48.99915066],[2.15036113,48.99913233],[2.15140101,48.99911026],[2.15141499,48.99912736],[2.15142851,48.99912568],[2.15060853,48.99758087],[2.15058677,48.99750011],[2.1502844,48.99687309],[2.15159369,48.99646698],[2.15119692,48.99584112],[2.15228536,48.99547899],[2.15188616,48.99491733],[2.15207118,48.99486171],[2.1518526,48.99451402],[2.15166341,48.99457098],[2.15133932,48.99407316],[2.15125163,48.99410214],[2.151137,48.99391688],[2.15046732,48.9940679],[2.15099707,48.99485593],[2.15046804,48.99503984],[2.15035981,48.99505547],[2.1502348,48.99499674],[2.14998455,48.99463926],[2.14948997,48.99478384],[2.14941481,48.99466457],[2.14924438,48.99471309],[2.14904674,48.99442584],[2.14794372,48.99462205]]]]}},{"type":"Feature","properties":{"identifian":"QN09524M","libelle":"Clos Saint Pierre Elargi","commune_ag":"Pierrelaye","NPNRU":null,"auxiliary_storage_labeling_positionx":638598.6079071636,"auxiliary_storage_labeling_positiony":6882187.606126528,"auxiliary_storage_labeling_lineanchorpercent":null,"auxiliary_storage_labeling_lineanchorclipping":null,"auxiliary_storage_labeling_lineanchortype":null,"auxiliary_storage_labeling_lineanchortextpoint":null,"auxiliary_storage_callouts_originx":null,"auxiliary_storage_callouts_originy":null,"auxiliary_storage_callouts_destinationx":null,"auxiliary_storage_callouts_destinationy":null},"geometry":{"type":"MultiPolygon","coordinates":[[[[2.15047341,49.02085204],[2.15026863,49.02104456],[2.15040016,49.02109893],[2.15018007,49.02130718],[2.15021294,49.02132127],[2.15008122,49.02146284],[2.15003938,49.02144473],[2.14994927,49.02152623],[2.14993969,49.02155981],[2.14970938,49.02147307],[2.14884406,49.02135145],[2.14810473,49.02167598],[2.14765499,49.02232345],[2.14767041,49.02237218],[2.1477236,49.02244408],[2.14822499,49.02298461],[2.14840103,49.02326097],[2.14856613,49.02337978],[2.14872311,49.02344139],[2.14877927,49.02364551],[2.14981423,49.02370841],[2.14989528,49.02372086],[2.14948063,49.02331217],[2.14961698,49.02321837],[2.1498219,49.02343239],[2.15020944,49.02328614],[2.15044129,49.02355154],[2.1505375,49.02355716],[2.15051985,49.0235323],[2.1508772,49.02339727],[2.15032089,49.02275154],[2.15141566,49.02230435],[2.15152236,49.02224451],[2.15157051,49.02225578],[2.15161141,49.02224812],[2.15175303,49.02245473],[2.15234509,49.0230771],[2.15278099,49.02290699],[2.15292022,49.02302915],[2.15304596,49.02319096],[2.15320927,49.02338754],[2.15329056,49.02335807],[2.15336599,49.02331713],[2.15347196,49.02325555],[2.15347897,49.02326578],[2.15385832,49.0231577],[2.15383614,49.02312874],[2.15397537,49.02308874],[2.15393281,49.0230353],[2.15373922,49.02286607],[2.15365469,49.0228168],[2.15322186,49.02263868],[2.15335735,49.02248071],[2.15264656,49.02188965],[2.15277126,49.02183689],[2.15227849,49.02162583],[2.15047341,49.02085204]]]]}},{"type":"Feature","properties":{"identifian":"QN09512I","libelle":"Les Dix Arpents","commune_ag":"Eragny","NPNRU":null,"auxiliary_storage_labeling_positionx":632382.216436497,"auxiliary_storage_labeling_positiony":6880106.034993529,"auxiliary_storage_labeling_lineanchorpercent":null,"auxiliary_storage_labeling_lineanchorclipping":null,"auxiliary_storage_labeling_lineanchortype":null,"auxiliary_storage_labeling_lineanchortextpoint":null,"auxiliary_storage_callouts_originx":null,"auxiliary_storage_callouts_originy":null,"auxiliary_storage_callouts_destinationx":null,"auxiliary_storage_callouts_destinationy":null},"geometry":{"type":"MultiPolygon","coordinates":[[[[2.10550243,49.02102878],[2.10556005,49.02109755],[2.10622388,49.02081835],[2.10755151,49.02026169],[2.10934174,49.01951692],[2.10922576,49.01934341],[2.10936765,49.01931008],[2.10965803,49.01925041],[2.11047549,49.01909909],[2.11041596,49.01890261],[2.11121147,49.01875564],[2.11091605,49.0180408],[2.10968305,49.0179386],[2.10834914,49.01799885],[2.10781995,49.01802666],[2.10626694,49.01842827],[2.10639017,49.01852529],[2.10518489,49.01922098],[2.1052863,49.0192953],[2.10510855,49.01939224],[2.10474855,49.01956166],[2.10464172,49.01975006],[2.10458879,49.01977653],[2.10463296,49.01991174],[2.10471517,49.02006072],[2.1047859,49.02016017],[2.10550243,49.02102878]]]]}},{"type":"Feature","properties":{"identifian":"QN09527M","libelle":"Les Sarments Et Les Nérins - Jean Bouin","commune_ag":"Taverny","NPNRU":null,"auxiliary_storage_labeling_positionx":642400.9025050715,"auxiliary_storage_labeling_positiony":6881563.931039209,"auxiliary_storage_labeling_lineanchorpercent":null,"auxiliary_storage_labeling_lineanchorclipping":null,"auxiliary_storage_labeling_lineanchortype":null,"auxiliary_storage_labeling_lineanchortextpoint":null,"auxiliary_storage_callouts_originx":null,"auxiliary_storage_callouts_originy":null,"auxiliary_storage_callouts_destinationx":null,"auxiliary_storage_callouts_destinationy":null},"geometry":{"type":"MultiPolygon","coordinates":[[[[2.22033054,49.02115393],[2.22070851,49.02149664],[2.22078221,49.02149497],[2.22118051,49.02190134],[2.22120106,49.02195047],[2.22119655,49.02197844],[2.22115767,49.0220051],[2.22049708,49.02227485],[2.22052355,49.02231164],[2.2205369,49.02234941],[2.22053958,49.02238873],[2.22046172,49.02266711],[2.22046771,49.02270483],[2.22050779,49.02276108],[2.22086333,49.0231268],[2.22172678,49.02275876],[2.22175009,49.02273307],[2.22184974,49.02269127],[2.22188338,49.0226338],[2.2223134,49.02245407],[2.2223447,49.02233152],[2.22273506,49.02217576],[2.22278477,49.02213624],[2.22285103,49.02203007],[2.22347402,49.02213855],[2.22376121,49.02155938],[2.22393995,49.02130814],[2.2240122,49.02123916],[2.22421331,49.02103802],[2.22332837,49.02032809],[2.22256655,49.01970671],[2.22227845,49.01948518],[2.22107885,49.01858207],[2.22076263,49.01865798],[2.22080223,49.01872108],[2.22060438,49.01877037],[2.22036205,49.01844588],[2.21989257,49.01858536],[2.219169,49.01761496],[2.21845314,49.01664371],[2.21840156,49.01663724],[2.21835341,49.01661311],[2.21831378,49.01659151],[2.21827202,49.01657187],[2.21824263,49.01653358],[2.21821005,49.01649306],[2.21818517,49.01642575],[2.21817861,49.01635818],[2.21812556,49.01632507],[2.21810895,49.01631133],[2.21739682,49.0165776],[2.21652839,49.01690676],[2.21649346,49.01687254],[2.2158926,49.01711627],[2.21545123,49.01729416],[2.21568719,49.01754155],[2.21547995,49.01761606],[2.21577575,49.01793904],[2.2156201,49.01799927],[2.2145767,49.01775018],[2.21449817,49.01785558],[2.21425941,49.01837786],[2.21448089,49.01860955],[2.21488492,49.01875214],[2.21483277,49.01892036],[2.21468613,49.0189018],[2.21461765,49.01921357],[2.21464102,49.01956113],[2.21444312,49.01965709],[2.21455346,49.0197505],[2.21457499,49.0197421],[2.21485105,49.01998166],[2.21530868,49.01976396],[2.21529931,49.01975288],[2.21570441,49.01953771],[2.21582356,49.01966986],[2.216066,49.01987818],[2.21643691,49.02007294],[2.21714151,49.0194518],[2.21724321,49.01938408],[2.21709861,49.019311],[2.21719864,49.01919105],[2.22065082,49.01912198],[2.22132802,49.01910646],[2.22143631,49.01909101],[2.22161097,49.01901569],[2.22222751,49.01949777],[2.2224978,49.01970627],[2.2224674,49.01976852],[2.22244588,49.01989329],[2.22248099,49.01995381],[2.22193209,49.0202566],[2.22244222,49.02079398],[2.22190833,49.02102311],[2.22185968,49.02104648],[2.22184579,49.02109915],[2.2217772,49.02108794],[2.22169183,49.02110354],[2.22131534,49.02126261],[2.22094217,49.02087256],[2.22033054,49.02115393]]]]}},{"type":"Feature","properties":{"identifian":"QN09537M","libelle":"Les Chênes","commune_ag":"Ermont","NPNRU":null,"auxiliary_storage_labeling_positionx":645635.8367502852,"auxiliary_storage_labeling_positiony":6878630.3653683625,"auxiliary_storage_labeling_lineanchorpercent":null,"auxiliary_storage_labeling_lineanchorclipping":null,"auxiliary_storage_labeling_lineanchortype":null,"auxiliary_storage_labeling_lineanchortextpoint":null,"auxiliary_storage_callouts_originx":null,"auxiliary_storage_callouts_originy":null,"auxiliary_storage_callouts_destinationx":null,"auxiliary_storage_callouts_destinationy":null},"geometry":{"type":"MultiPolygon","coordinates":[[[[2.25543627,48.99874969],[2.25565779,48.99885019],[2.25631099,48.99847163],[2.25692118,48.99815029],[2.25702418,48.99811128],[2.2572115,48.99807477],[2.25719723,48.99801917],[2.25718887,48.99797154],[2.25715053,48.99791381],[2.25716062,48.99784052],[2.25708322,48.99788031],[2.25640295,48.99720405],[2.25595436,48.99676055],[2.25596884,48.99659076],[2.25664195,48.99629298],[2.25584307,48.99548576],[2.25575599,48.99546539],[2.25578049,48.99543779],[2.25531332,48.99503047],[2.25510583,48.99510848],[2.25504658,48.9951438],[2.25477598,48.99489567],[2.25434976,48.99447039],[2.25582483,48.99381443],[2.25649727,48.99450751],[2.25656952,48.99451192],[2.25683588,48.99421422],[2.25716506,48.9937365],[2.25715023,48.99372055],[2.25692757,48.99370133],[2.2568811,48.99358011],[2.25614443,48.99284898],[2.25591118,48.99293872],[2.2555892,48.99259773],[2.25469422,48.99282412],[2.25369371,48.99316186],[2.25356171,48.99322844],[2.25319088,48.99335202],[2.25286771,48.99340948],[2.25329548,48.99383044],[2.25302862,48.99395169],[2.25331976,48.99423699],[2.25305296,48.99435428],[2.25224752,48.99358998],[2.25005096,48.99434448],[2.25001246,48.99429864],[2.25000421,48.99424407],[2.24977326,48.99396409],[2.24939581,48.99412826],[2.24883943,48.99343686],[2.24773738,48.99381295],[2.24808077,48.99423303],[2.24779611,48.99433433],[2.24776636,48.99430837],[2.24729709,48.99446799],[2.24761078,48.99485852],[2.246747,48.99521391],[2.24683472,48.99581316],[2.24692881,48.99638866],[2.24748639,48.99616616],[2.24867399,48.9957107],[2.24942464,48.99546957],[2.24952706,48.99547021],[2.249821,48.99556126],[2.250682,48.99518799],[2.2508637,48.9951237],[2.25226382,48.99643491],[2.25058694,48.99718373],[2.2500969,48.99731944],[2.24962579,48.99739579],[2.25108173,48.99880846],[2.25177758,48.99839946],[2.2521329,48.99799527],[2.25245997,48.99787874],[2.25304812,48.99846326],[2.25322748,48.99856151],[2.25373703,48.99790651],[2.25380377,48.99787521],[2.25397884,48.99785251],[2.25417742,48.99787158],[2.25478233,48.99833923],[2.25501475,48.9985191],[2.25543627,48.99874969]]]]}},{"type":"Feature","properties":{"identifian":"QN09517M","libelle":"Les Toupets - Côte Des Carrières","commune_ag":"Vauréal, Jouy-le-Moutier","NPNRU":null,"auxiliary_storage_labeling_positionx":625536.1980639817,"auxiliary_storage_labeling_positiony":6881744.687922359,"auxiliary_storage_labeling_lineanchorpercent":null,"auxiliary_storage_labeling_lineanchorclipping":null,"auxiliary_storage_labeling_lineanchortype":null,"auxiliary_storage_labeling_lineanchortextpoint":null,"auxiliary_storage_callouts_originx":null,"auxiliary_storage_callouts_originy":null,"auxiliary_storage_callouts_destinationx":null,"auxiliary_storage_callouts_destinationy":null},"geometry":{"type":"MultiPolygon","coordinates":[[[[2.02480173,49.0224177],[2.02646294,49.02201338],[2.02662709,49.0219906],[2.02661403,49.02197885],[2.02702857,49.02191819],[2.02711356,49.02190308],[2.02717432,49.0220337],[2.02718809,49.02204129],[2.02728076,49.02239208],[2.02739483,49.02284947],[2.02741911,49.02320677],[2.02745732,49.02352885],[2.02744835,49.023873],[2.02741454,49.02432836],[2.0274196,49.02446309],[2.0275589,49.02445092],[2.02790024,49.02445202],[2.02824102,49.02448305],[2.02904265,49.02461425],[2.0291485,49.0246334],[2.02938981,49.02471018],[2.02958708,49.0244374],[2.02969804,49.02445326],[2.02988697,49.02381457],[2.030347,49.02389146],[2.03053685,49.02347394],[2.03065529,49.02349568],[2.03077692,49.02321065],[2.03012427,49.02309064],[2.03022944,49.02273978],[2.03011356,49.02264905],[2.0297516,49.02260206],[2.02965642,49.0217079],[2.0290156,49.02176757],[2.02854318,49.02181405],[2.02777739,49.02193091],[2.02744262,49.02198515],[2.0271851,49.02203212],[2.02690343,49.02141124],[2.02643894,49.02049496],[2.02624771,49.02017579],[2.02604865,49.01986987],[2.02600077,49.01979423],[2.02568074,49.01933267],[2.02372964,49.01989634],[2.02376893,49.01995819],[2.02307918,49.02013342],[2.02248972,49.02028618],[2.02281434,49.02077148],[2.02368209,49.02050915],[2.02480173,49.0224177]]]]}},{"type":"Feature","properties":{"identifian":"QN09520I","libelle":"Mare Des Noues","commune_ag":"Ermont, Franconville","NPNRU":null,"auxiliary_storage_labeling_positionx":642083.4004838999,"auxiliary_storage_labeling_positiony":6876522.898158926,"auxiliary_storage_labeling_lineanchorpercent":null,"auxiliary_storage_labeling_lineanchorclipping":null,"auxiliary_storage_labeling_lineanchortype":null,"auxiliary_storage_labeling_lineanchortextpoint":null,"auxiliary_storage_callouts_originx":null,"auxiliary_storage_callouts_originy":null,"auxiliary_storage_callouts_destinationx":null,"auxiliary_storage_callouts_destinationy":null},"geometry":{"type":"MultiPolygon","coordinates":[[[[2.2404688,48.99075089],[2.24037646,48.99076729],[2.24082831,48.99092312],[2.24091414,48.99103438],[2.24107881,48.99096672],[2.24080884,48.99067908],[2.24143445,48.99054884],[2.24136435,48.99038406],[2.24169617,48.99030094],[2.24177253,48.99046057],[2.24227182,48.99033743],[2.24233843,48.99030955],[2.24244451,48.99052428],[2.24281316,48.99038091],[2.24317047,48.99024187],[2.2432588,48.99043911],[2.24330802,48.99062626],[2.24327567,48.99064803],[2.24361011,48.99121665],[2.24326154,48.99133282],[2.24250527,48.99151272],[2.2429782,48.99209667],[2.24272685,48.99219579],[2.24275494,48.99226095],[2.242826,48.99232792],[2.24289861,48.99236736],[2.24297146,48.99239076],[2.24302821,48.99246306],[2.24305644,48.99245789],[2.24309393,48.99249396],[2.24333739,48.99239307],[2.2433616,48.99242004],[2.24352843,48.99235834],[2.24354632,48.99235945],[2.24411921,48.99303599],[2.24467874,48.99258768],[2.24493747,48.99237218],[2.24483911,48.99210551],[2.24450596,48.99152696],[2.2441361,48.99107662],[2.24418783,48.99103413],[2.24417425,48.99100958],[2.24428973,48.99097705],[2.24414022,48.99071311],[2.24396439,48.99043451],[2.24391905,48.99044172],[2.2439132,48.99019252],[2.24358336,48.9900471],[2.24327039,48.99009113],[2.24300777,48.99013793],[2.24293307,48.99016192],[2.24226189,48.98893105],[2.24203025,48.98898749],[2.24183675,48.98862871],[2.24241373,48.98849946],[2.24221381,48.98818032],[2.24131326,48.98841036],[2.24148521,48.98872237],[2.24120297,48.98879628],[2.24097847,48.98841318],[2.23994446,48.98868738],[2.23996785,48.98874912],[2.24009849,48.98899114],[2.23970849,48.98907828],[2.2404688,48.99075089]]]]}},{"type":"Feature","properties":{"identifian":"QN09504I","libelle":"Brigadières - Henri Barbusse","commune_ag":"Argenteuil, Bezons","NPNRU":"PRIR","auxiliary_storage_labeling_positionx":644167.9886911984,"auxiliary_storage_labeling_positiony":6869759.738050626,"auxiliary_storage_labeling_lineanchorpercent":null,"auxiliary_storage_labeling_lineanchorclipping":null,"auxiliary_storage_labeling_lineanchortype":null,"auxiliary_storage_labeling_lineanchortextpoint":null,"auxiliary_storage_callouts_originx":null,"auxiliary_storage_callouts_originy":null,"auxiliary_storage_callouts_destinationx":null,"auxiliary_storage_callouts_destinationy":null},"geometry":{"type":"MultiPolygon","coordinates":[[[[2.22242328,48.93407741],[2.22064836,48.9334446],[2.22076778,48.93328606],[2.21980549,48.93295315],[2.21901576,48.93385156],[2.21885886,48.93378506],[2.21826295,48.93446923],[2.21922063,48.93469533],[2.21954579,48.93480803],[2.21962498,48.93482022],[2.21987115,48.93485402],[2.21987115,48.93485402],[2.22114926,48.93477415],[2.22114926,48.93477415],[2.22183311,48.93463495],[2.22199445,48.93462951],[2.22199445,48.93462951],[2.22199445,48.93462951],[2.22200206,48.93462903],[2.22256312,48.933919],[2.22333694,48.93422801],[2.22335265,48.93421366],[2.22469013,48.93475235],[2.22425839,48.93534242],[2.22363398,48.93619027],[2.22441097,48.93643974],[2.22446638,48.936427],[2.22486859,48.93655764],[2.2249395,48.93661557],[2.22574387,48.93688121],[2.2261474,48.9364044],[2.22579544,48.93627263],[2.22662651,48.93533662],[2.22697141,48.93545961],[2.22685348,48.93559344],[2.22721596,48.93572236],[2.22691393,48.93598376],[2.22769712,48.93624599],[2.2277218,48.93625505],[2.22776133,48.93623276],[2.22777982,48.93621505],[2.22908789,48.93496109],[2.22938921,48.93467203],[2.23049309,48.93518036],[2.2306332,48.93522637],[2.2308317,48.93550555],[2.23091267,48.93548097],[2.23103824,48.93550214],[2.23130827,48.93561154],[2.23184906,48.93509938],[2.23150406,48.9349189],[2.23150406,48.9349189],[2.23150406,48.9349189],[2.23150406,48.9349189],[2.23150406,48.9349189],[2.23133184,48.93507113],[2.23121328,48.93501548],[2.23095823,48.93523791],[2.23071676,48.93513888],[2.23286812,48.93317097],[2.23545207,48.93458791],[2.23504865,48.93498982],[2.23510248,48.93500835],[2.23485238,48.93527084],[2.2351434,48.93539129],[2.23507467,48.93547305],[2.23514709,48.93550406],[2.23519215,48.93544324],[2.2353238,48.93550228],[2.23534388,48.93548786],[2.23572647,48.93565603],[2.23572647,48.93565603],[2.23572647,48.93565603],[2.23572647,48.93565603],[2.23572647,48.93565603],[2.23572647,48.93565603],[2.23584684,48.9355543],[2.2361377,48.93571486],[2.23595901,48.93587826],[2.23627051,48.93602138],[2.23623429,48.93606316],[2.2366631,48.9362606],[2.23628121,48.93663113],[2.23721448,48.93704868],[2.2375785,48.93670936],[2.23839309,48.93717632],[2.23846667,48.93712878],[2.23883278,48.93733316],[2.23890782,48.93729025],[2.2391777,48.93745757],[2.23887017,48.93770206],[2.23945892,48.93799315],[2.24036992,48.93726843],[2.24036992,48.93726843],[2.24036992,48.93726843],[2.24036992,48.93726843],[2.24036992,48.93726843],[2.23968122,48.93689332],[2.24016799,48.93656758],[2.23991192,48.93631526],[2.23991192,48.93631526],[2.23962373,48.93606689],[2.23920392,48.93576645],[2.23959368,48.93547889],[2.23950939,48.93542815],[2.24030628,48.9348483],[2.24036323,48.93488067],[2.24052613,48.93476531],[2.2405262,48.93476057],[2.2405262,48.93476057],[2.2405262,48.93476057],[2.2405262,48.93476057],[2.2405262,48.93476057],[2.24003179,48.93443917],[2.2399669,48.93434564],[2.23996247,48.93425664],[2.23996247,48.93425664],[2.23996247,48.93425664],[2.23996247,48.93425664],[2.23996247,48.93425664],[2.23996247,48.93425664],[2.23996247,48.93425664],[2.23996247,48.93425664],[2.23998217,48.93420751],[2.23885242,48.93534905],[2.2387579,48.93546994],[2.23835949,48.93522879],[2.23754505,48.93474347],[2.23602683,48.93391028],[2.23478911,48.93325936],[2.23394115,48.93268522],[2.23363774,48.93247732],[2.23301563,48.93198446],[2.23252567,48.9314217],[2.23204705,48.93090741],[2.23153083,48.93142187],[2.23164876,48.93147392],[2.23100527,48.93213036],[2.2316787,48.93250703],[2.22974501,48.93432075],[2.22870354,48.93381208],[2.22856518,48.93376027],[2.22840437,48.93373304],[2.22827166,48.93374674],[2.22815169,48.93379544],[2.2280266,48.93389066],[2.22771835,48.93457252],[2.22745945,48.93490404],[2.22709914,48.93477768],[2.22709458,48.93478784],[2.22579769,48.93437789],[2.2256284,48.93403051],[2.22550653,48.93390896],[2.2252266,48.93404798],[2.2252266,48.93404798],[2.2252266,48.93404798],[2.2252266,48.93404798],[2.2252266,48.93404798],[2.22516348,48.93410753],[2.2248349,48.93456229],[2.22449328,48.93443021],[2.22446152,48.93445564],[2.2243597,48.93442198],[2.2243597,48.93442198],[2.2243597,48.93442198],[2.22436386,48.93441518],[2.2243255,48.93447022],[2.22416297,48.93441024],[2.22414294,48.9344203],[2.22367743,48.93424123],[2.22371131,48.93419052],[2.2232063,48.93399446],[2.2231748,48.93403354],[2.2226314,48.9338205],[2.22242328,48.93407741]]]]}},{"type":"Feature","properties":{"identifian":"QN09530M","libelle":"Terres de Garges","commune_ag":"Garges-lés-Gonesse","NPNRU":"PRIN","auxiliary_storage_labeling_positionx":656258.132614776,"auxiliary_storage_labeling_positiony":6873596.205270042,"auxiliary_storage_labeling_lineanchorpercent":null,"auxiliary_storage_labeling_lineanchorclipping":null,"auxiliary_storage_labeling_lineanchortype":null,"auxiliary_storage_labeling_lineanchortextpoint":null,"auxiliary_storage_callouts_originx":null,"auxiliary_storage_callouts_originy":null,"auxiliary_storage_callouts_destinationx":null,"auxiliary_storage_callouts_destinationy":null},"geometry":{"type":"MultiPolygon","coordinates":[[[[2.39598854,48.98014059],[2.39708404,48.98008009],[2.39810339,48.97973865],[2.39819936,48.97975013],[2.39845028,48.97973214],[2.40144117,48.97872668],[2.40241419,48.97841248],[2.40222854,48.97820527],[2.40214754,48.97816361],[2.40210057,48.97806986],[2.40169576,48.97784505],[2.40144461,48.97770215],[2.40113735,48.97735268],[2.40006342,48.97699801],[2.39964656,48.97709494],[2.39933737,48.97673308],[2.39929644,48.97611677],[2.40020923,48.97576859],[2.40100715,48.97523486],[2.40142188,48.97514067],[2.40135418,48.97485153],[2.4014391,48.97473368],[2.40158463,48.97470415],[2.40188998,48.97440244],[2.40208257,48.97436764],[2.40328041,48.97411506],[2.40420304,48.97381435],[2.40428708,48.97413726],[2.40460485,48.97411683],[2.40491806,48.97412939],[2.40710473,48.97454591],[2.40725604,48.97455904],[2.40748694,48.9745533],[2.40871619,48.97447685],[2.4088793,48.97446253],[2.40905891,48.97446616],[2.40905972,48.97457894],[2.40887332,48.97553931],[2.4088953,48.97562743],[2.40879274,48.9761949],[2.40795659,48.97642181],[2.40756634,48.97656841],[2.40740852,48.97666802],[2.40729461,48.97676372],[2.40712233,48.97703242],[2.40706982,48.97723982],[2.40725396,48.97730605],[2.40735253,48.9773643],[2.40738087,48.9774442],[2.40749397,48.97741863],[2.41080005,48.97677893],[2.41165097,48.97653832],[2.4121942,48.9772726],[2.413014,48.97701257],[2.41410025,48.97665207],[2.41441714,48.97652572],[2.41459774,48.97644272],[2.41477666,48.97632394],[2.41487693,48.9762316],[2.41521583,48.97591214],[2.41542063,48.97572061],[2.41634649,48.97466275],[2.41717902,48.97419372],[2.41859486,48.97321523],[2.41874873,48.97290518],[2.41891495,48.97261168],[2.41905417,48.97249134],[2.41929212,48.97232196],[2.41911372,48.9722097],[2.41877178,48.97196463],[2.41869179,48.97201925],[2.41836716,48.97172062],[2.41751445,48.97138505],[2.41723888,48.97118431],[2.41709724,48.97114786],[2.41691263,48.9712171],[2.41688245,48.97130084],[2.41652459,48.97154527],[2.41641888,48.97165753],[2.41596003,48.97196541],[2.41559711,48.97172985],[2.41540872,48.97167117],[2.4161029,48.97114853],[2.41466176,48.96983021],[2.4147329,48.96981956],[2.41472523,48.96975901],[2.41482411,48.96969623],[2.41537485,48.96938949],[2.41477317,48.96884058],[2.41365928,48.96740627],[2.41354546,48.96731219],[2.41252312,48.96744059],[2.41101064,48.96759682],[2.41088308,48.96760995],[2.41064012,48.96766789],[2.41216612,48.969041],[2.41113928,48.96951729],[2.41152393,48.96986024],[2.411699,48.97007976],[2.41188968,48.97058128],[2.41257559,48.97171647],[2.41439343,48.97121308],[2.41455721,48.97113824],[2.41540029,48.97167732],[2.41553265,48.97179624],[2.41664539,48.97250784],[2.41707478,48.97277809],[2.41618703,48.97314371],[2.41610485,48.97320658],[2.41568562,48.97333381],[2.41385703,48.97376633],[2.41367201,48.97387132],[2.41367284,48.97398272],[2.41348626,48.97404094],[2.41194757,48.97488124],[2.41189782,48.9748473],[2.41138598,48.97480216],[2.41144409,48.97446689],[2.41146447,48.97432809],[2.41161877,48.9736151],[2.41146069,48.97360057],[2.41145828,48.97362875],[2.41109513,48.97359878],[2.41114638,48.97331642],[2.40931384,48.97317401],[2.40905608,48.97269416],[2.40706969,48.97322207],[2.40612026,48.9734938],[2.40602546,48.97356347],[2.40597434,48.97364985],[2.40593845,48.97386559],[2.40571669,48.97389337],[2.40536574,48.97343574],[2.40523672,48.97275367],[2.40506688,48.97189606],[2.40501684,48.97188756],[2.40500296,48.97054525],[2.4049457,48.9704377],[2.40485439,48.97038499],[2.4047296,48.97033761],[2.40398593,48.97033942],[2.40381465,48.97033857],[2.40352539,48.97042515],[2.40315048,48.97060275],[2.4030821,48.9704642],[2.40723917,48.96788561],[2.40799355,48.96877499],[2.40896067,48.96822416],[2.41061695,48.96768497],[2.41015621,48.9672385],[2.41027991,48.96719785],[2.41077849,48.96706965],[2.41113523,48.96692425],[2.41085615,48.96666846],[2.41068242,48.96670062],[2.41043236,48.9666485],[2.41028068,48.96657762],[2.41025408,48.96652936],[2.41018163,48.96647124],[2.41011589,48.96637465],[2.41009785,48.96630717],[2.41009841,48.96625767],[2.41010942,48.96620821],[2.41012669,48.96615879],[2.4098181,48.96601906],[2.40977852,48.96600924],[2.40973328,48.96594713],[2.40963379,48.96587925],[2.40887157,48.96604878],[2.40687172,48.96631395],[2.40696042,48.96659494],[2.40724037,48.96695664],[2.40556392,48.96743243],[2.40551946,48.96748447],[2.40458752,48.96787866],[2.40460855,48.96750195],[2.40455916,48.96743707],[2.40446754,48.96741186],[2.40430874,48.96741657],[2.40423956,48.96743823],[2.40422037,48.96747252],[2.40366029,48.96695127],[2.40406698,48.96682264],[2.40472717,48.96662788],[2.40576097,48.96645698],[2.40578057,48.96638694],[2.40591532,48.96629272],[2.40592022,48.96622948],[2.40700382,48.96608631],[2.40678307,48.96566302],[2.40641361,48.96509253],[2.4062905,48.96508229],[2.40585346,48.96521765],[2.40588932,48.96527834],[2.40541576,48.96541077],[2.40558805,48.96568667],[2.40552938,48.96570289],[2.40582108,48.96613203],[2.40590294,48.96627959],[2.40575136,48.96638336],[2.40572776,48.96643825],[2.40471479,48.96661476],[2.40362711,48.96692979],[2.40118681,48.96780053],[2.40078636,48.96801995],[2.40056731,48.96781532],[2.40004678,48.96739877],[2.39960604,48.96640501],[2.39803125,48.96711637],[2.39696754,48.96608096],[2.39666997,48.96580442],[2.39802621,48.96520613],[2.39788562,48.96508165],[2.39764452,48.96389772],[2.39682494,48.9641494],[2.39640565,48.96428344],[2.3962713,48.96416174],[2.3956095,48.96386686],[2.39496427,48.96448109],[2.39500498,48.96457206],[2.39529239,48.96473304],[2.39534094,48.96477867],[2.39517677,48.96488648],[2.39491209,48.96474694],[2.39383902,48.96559898],[2.39427295,48.96600206],[2.39482154,48.96660444],[2.39488865,48.96667148],[2.39488831,48.96678974],[2.39492414,48.96685181],[2.39499831,48.9669402],[2.39500142,48.96703236],[2.39490788,48.96717216],[2.39474963,48.96730889],[2.39449599,48.96702774],[2.39440688,48.96705686],[2.39406021,48.96705099],[2.39359782,48.96729619],[2.39355732,48.96736613],[2.39352169,48.96773451],[2.39436581,48.96843052],[2.39431713,48.96848529],[2.39424334,48.96872283],[2.39420944,48.96876392],[2.39425702,48.96880404],[2.39463409,48.96924877],[2.39472002,48.96922445],[2.39489572,48.96938349],[2.39496489,48.96936321],[2.39529525,48.96969494],[2.39581961,48.9702298],[2.39458848,48.97065473],[2.39336372,48.97097928],[2.3939277,48.97160924],[2.39364521,48.97173984],[2.39418569,48.97232567],[2.39290921,48.97287206],[2.39208706,48.97201216],[2.392034,48.97199435],[2.39203233,48.97195825],[2.39168711,48.97162541],[2.39114614,48.97179732],[2.38949377,48.97055258],[2.39124246,48.9695486],[2.39139675,48.96903779],[2.39157223,48.96885715],[2.39166795,48.96888927],[2.39203797,48.96868486],[2.39264934,48.96838403],[2.3922848,48.96791803],[2.39193035,48.96734964],[2.39121122,48.96630768],[2.39110186,48.96619298],[2.39024057,48.9655651],[2.38973049,48.96595737],[2.38906545,48.96647245],[2.39038554,48.96745216],[2.38809941,48.96860122],[2.38795238,48.9684932],[2.38759387,48.9682507],[2.38625986,48.9692485],[2.38704246,48.96984179],[2.38565451,48.97062752],[2.38552678,48.970653],[2.38539106,48.97064817],[2.38526307,48.97060764],[2.38505073,48.97045837],[2.38460445,48.97074763],[2.38472635,48.97086137],[2.38418322,48.97108274],[2.38416598,48.97112701],[2.38433163,48.97133964],[2.38503927,48.97213335],[2.38547274,48.97292771],[2.38639436,48.97358188],[2.38677295,48.97371859],[2.38700966,48.97384082],[2.38717451,48.9740342],[2.38726561,48.97410343],[2.38789686,48.97440542],[2.38797495,48.97451584],[2.38796954,48.97462033],[2.38832065,48.97451898],[2.38840951,48.97451255],[2.38859334,48.97478029],[2.38870258,48.97490599],[2.39016325,48.97594073],[2.39055712,48.97620127],[2.39066141,48.97621555],[2.39123173,48.97621707],[2.39142696,48.97624798],[2.39160588,48.97631214],[2.39171759,48.97640623],[2.39144435,48.97654787],[2.3910149,48.97682623],[2.39198466,48.97757412],[2.39224251,48.9776772],[2.39598854,48.98014059]]]]}},{"type":"Feature","properties":{"identifian":"QN09536M","libelle":"Village - Le Puits La Marlière - Derrière Les Murs De Monseigneur","commune_ag":"Villiers-le-Bel","NPNRU":"PRIN","auxiliary_storage_labeling_positionx":651960.8530494148,"auxiliary_storage_labeling_positiony":6879816.444867849,"auxiliary_storage_labeling_lineanchorpercent":null,"auxiliary_storage_labeling_lineanchorclipping":null,"auxiliary_storage_labeling_lineanchortype":null,"auxiliary_storage_labeling_lineanchortextpoint":null,"auxiliary_storage_callouts_originx":null,"auxiliary_storage_callouts_originy":null,"auxiliary_storage_callouts_destinationx":null,"auxiliary_storage_callouts_destinationy":null},"geometry":{"type":"MultiPolygon","coordinates":[[[[2.40331827,49.01113044],[2.40408313,49.01097535],[2.40405369,49.0109102],[2.40448296,49.01081663],[2.40386524,49.01010936],[2.40387252,49.01007328],[2.40397608,49.01001872],[2.40405335,49.009983],[2.4041075,49.00980812],[2.40412305,49.0096493],[2.40382814,49.00808053],[2.40271692,49.00589739],[2.40150908,49.00436559],[2.40159439,49.00434616],[2.40152667,49.00426817],[2.40133428,49.00405415],[2.40078136,49.0034501],[2.40028753,49.00367154],[2.39982383,49.00389854],[2.39967896,49.00384726],[2.3995664,49.0038503],[2.3995374,49.00374724],[2.3994899,49.00358268],[2.39941463,49.00344688],[2.39928508,49.00313927],[2.3976576,48.99982495],[2.39758334,48.99983902],[2.39748195,48.99982587],[2.39742878,48.99979581],[2.39739238,48.99974056],[2.38853888,49.00163415],[2.38777002,49.00003944],[2.38671112,49.0004692],[2.38720626,49.00095294],[2.38673883,49.00114466],[2.38702648,49.00142059],[2.38732968,49.00130839],[2.38767639,49.00169657],[2.38774632,49.0018179],[2.3867354,49.00201588],[2.38578388,49.00206428],[2.38555838,49.00210285],[2.38534802,49.00225345],[2.38517151,49.00232658],[2.38508556,49.00240017],[2.38503255,49.00247393],[2.38459062,49.00340609],[2.38441857,49.00368148],[2.38431399,49.00382178],[2.3840682,49.00418165],[2.3839583,49.00442305],[2.38387218,49.00462665],[2.38381215,49.00482857],[2.38464177,49.00522827],[2.38486567,49.00555804],[2.38471729,49.00557173],[2.38484602,49.00605811],[2.38494667,49.00613446],[2.38569362,49.00656442],[2.38607318,49.0069618],[2.38625784,49.00712887],[2.38629295,49.0071778],[2.38631605,49.00731334],[2.38631964,49.00747407],[2.38633702,49.00762944],[2.38658829,49.00860668],[2.38592255,49.00873328],[2.38464934,49.00893351],[2.38439248,49.00901029],[2.38366468,49.00916139],[2.38399122,49.01009478],[2.38439028,49.01000654],[2.38615788,49.00943327],[2.38669235,49.00926628],[2.38695161,49.00916016],[2.38698943,49.00921182],[2.38709499,49.00945431],[2.38708339,49.00962308],[2.38683519,49.01012875],[2.38793008,49.0105045],[2.38792587,49.01062907],[2.38795506,49.01088878],[2.38794729,49.01096638],[2.38814811,49.01104505],[2.389329,49.01111245],[2.38938231,49.01083917],[2.38941117,49.01071879],[2.38935364,49.01047654],[2.38942059,49.01038479],[2.38955135,49.01041119],[2.39072875,49.01019011],[2.39173069,49.00989229],[2.39179267,49.00999011],[2.39212332,49.01046848],[2.39219324,49.01059207],[2.39316316,49.01039113],[2.39237118,49.00922474],[2.39243312,49.0092097],[2.3926388,49.00910782],[2.3930159,49.00901674],[2.39264525,49.00867359],[2.39229676,49.00807867],[2.39273194,49.00794906],[2.39353862,49.00773827],[2.39406462,49.00758745],[2.39444206,49.00746657],[2.39448542,49.00751373],[2.39484547,49.00817867],[2.39570141,49.00986721],[2.39643936,49.00966688],[2.39690058,49.01036799],[2.3974998,49.01035565],[2.39749267,49.01002337],[2.3971306,49.00946993],[2.39876698,49.00901499],[2.39890373,49.00923506],[2.39965122,49.01010732],[2.39989221,49.01051208],[2.40005247,49.01089568],[2.40109542,49.01066706],[2.40124969,49.01097659],[2.40118162,49.01098799],[2.40127869,49.01119883],[2.40144103,49.01116533],[2.40147225,49.01125487],[2.40181135,49.01118614],[2.4018194,49.01120243],[2.40192342,49.01122733],[2.40319181,49.01096821],[2.40331827,49.01113044]]]]}},{"type":"Feature","properties":{"identifian":"QN09514M","libelle":"Marcouville","commune_ag":"Osny, Pontoise","NPNRU":"PRIR","auxiliary_storage_labeling_positionx":631898.8483639304,"auxiliary_storage_labeling_positiony":6885130.577652277,"auxiliary_storage_labeling_lineanchorpercent":null,"auxiliary_storage_labeling_lineanchorclipping":null,"auxiliary_storage_labeling_lineanchortype":null,"auxiliary_storage_labeling_lineanchortextpoint":null,"auxiliary_storage_callouts_originx":632351.7431337006,"auxiliary_storage_callouts_originy":6885176.48987178,"auxiliary_storage_callouts_destinationx":null,"auxiliary_storage_callouts_destinationy":null},"geometry":{"type":"MultiPolygon","coordinates":[[[[2.08048279,49.05224149],[2.08046437,49.05220658],[2.08073796,49.05213811],[2.08072805,49.05201115],[2.08073267,49.05198894],[2.08076098,49.05194327],[2.08082087,49.05190618],[2.08086372,49.05187592],[2.08096349,49.05185721],[2.08105036,49.05184953],[2.08114916,49.0518555],[2.08202649,49.05189141],[2.08289082,49.05146556],[2.08475651,49.05036947],[2.08452629,49.05022866],[2.08438601,49.05032563],[2.08428347,49.05026227],[2.08409335,49.0503665],[2.08392005,49.05047642],[2.08381844,49.05047982],[2.08358084,49.05030801],[2.08362647,49.05023953],[2.08372698,49.05017842],[2.08271101,49.04946011],[2.08176119,49.05005634],[2.08132789,49.05003495],[2.08133308,49.04962201],[2.08127471,49.04897567],[2.08127834,49.04877059],[2.08120808,49.04867689],[2.08112222,49.04862757],[2.08099132,49.04861266],[2.08082627,49.04861557],[2.0776252,49.04887609],[2.07747641,49.04867749],[2.07606005,49.04900833],[2.07607168,49.04906821],[2.07595487,49.04912328],[2.07597678,49.04919993],[2.07608882,49.04947159],[2.07626638,49.04968744],[2.07666821,49.05022936],[2.07717543,49.05079294],[2.07780572,49.0513957],[2.07796184,49.05130095],[2.07914685,49.05205953],[2.07949372,49.05218316],[2.07971089,49.05222515],[2.07972306,49.05225444],[2.08048279,49.05224149]]]]}},{"type":"Feature","properties":{"identifian":"QN09503I","libelle":"Champioux","commune_ag":"Argenteuil","NPNRU":null,"auxiliary_storage_labeling_positionx":642991.4795986889,"auxiliary_storage_labeling_positiony":6868821.88719657,"auxiliary_storage_labeling_lineanchorpercent":null,"auxiliary_storage_labeling_lineanchorclipping":null,"auxiliary_storage_labeling_lineanchortype":null,"auxiliary_storage_labeling_lineanchortextpoint":null,"auxiliary_storage_callouts_originx":null,"auxiliary_storage_callouts_originy":null,"auxiliary_storage_callouts_destinationx":null,"auxiliary_storage_callouts_destinationy":null},"geometry":{"type":"MultiPolygon","coordinates":[[[[2.22828055,48.93912673],[2.22723567,48.93881227],[2.22672288,48.9395316],[2.22622216,48.93934859],[2.22566584,48.93922408],[2.22568899,48.93921655],[2.22433379,48.93899286],[2.22351333,48.93891577],[2.22343603,48.9383688],[2.22290851,48.93835558],[2.22271644,48.938235],[2.22242024,48.93846054],[2.22235829,48.9384679],[2.2222159,48.93862363],[2.22265123,48.93866962],[2.22264653,48.93859005],[2.22260525,48.93859366],[2.22259492,48.93848447],[2.22277881,48.93849552],[2.22280739,48.93884863],[2.22241215,48.93880484],[2.22235227,48.93954795],[2.22278078,48.93951437],[2.22282311,48.93979305],[2.22308254,48.93976741],[2.22308055,48.93975285],[2.2235974,48.93968309],[2.22360958,48.93982321],[2.22376918,48.93981515],[2.22384285,48.93981174],[2.22404906,48.93980726],[2.22405238,48.939881],[2.22425694,48.93988814],[2.22425339,48.93992886],[2.22427984,48.93993291],[2.22423781,48.94043141],[2.22506191,48.9403638],[2.22507313,48.94119224],[2.22499657,48.94119174],[2.22499431,48.94129358],[2.22560975,48.94131016],[2.22569234,48.94110336],[2.22670104,48.94119911],[2.22671934,48.94115655],[2.22714798,48.94118381],[2.22714771,48.94057029],[2.22738914,48.94057379],[2.22737928,48.94076651],[2.22752502,48.94077002],[2.22754957,48.94067764],[2.22782149,48.94072738],[2.22782279,48.94072208],[2.22828642,48.94072481],[2.22828642,48.94072481],[2.22841922,48.94071622],[2.22826375,48.94017882],[2.2282125,48.93986227],[2.22827836,48.93929331],[2.22828055,48.93912673],[2.22828055,48.93912673],[2.22828055,48.93912673],[2.22828055,48.93912673],[2.22828055,48.93912673]]]]}},{"type":"Feature","properties":{"identifian":"QN09532M","libelle":"Carreaux - Fauconnière - Marronniers - Pôle Gare","commune_ag":"Arnouville, Gonesse, Villiers-le-Bel","NPNRU":"PRIR","auxiliary_storage_labeling_positionx":658194.0524937169,"auxiliary_storage_labeling_positiony":6878980.400143339,"auxiliary_storage_labeling_lineanchorpercent":null,"auxiliary_storage_labeling_lineanchorclipping":null,"auxiliary_storage_labeling_lineanchortype":null,"auxiliary_storage_labeling_lineanchortextpoint":null,"auxiliary_storage_callouts_originx":null,"auxiliary_storage_callouts_originy":null,"auxiliary_storage_callouts_destinationx":null,"auxiliary_storage_callouts_destinationy":null},"geometry":{"type":"MultiPolygon","coordinates":[[[[2.430793,48.99877367],[2.43008864,48.99832341],[2.43034009,48.99798436],[2.43038881,48.99795397],[2.43052317,48.99792276],[2.43077639,48.99808563],[2.43085686,48.99803668],[2.43125446,48.99777314],[2.4312277,48.99766768],[2.43113608,48.99753497],[2.43093858,48.99738339],[2.43082191,48.99732895],[2.43091834,48.99719224],[2.43032172,48.99680207],[2.43120078,48.99621622],[2.43125326,48.99618218],[2.43129104,48.99613214],[2.43134,48.99601976],[2.43116283,48.99509172],[2.43114199,48.99495567],[2.43100806,48.99494769],[2.4308078,48.99487938],[2.43067371,48.99488609],[2.42820873,48.99506608],[2.42821754,48.99516345],[2.42710918,48.99524635],[2.42713644,48.99552136],[2.42534675,48.99547504],[2.42529361,48.99543182],[2.42481479,48.99540026],[2.42490094,48.99546094],[2.42505441,48.99553805],[2.42503624,48.99589531],[2.42503818,48.99596862],[2.42446681,48.99595822],[2.42432463,48.99596112],[2.42429128,48.9974264],[2.42273949,48.99737485],[2.42262409,48.99729445],[2.4222645,48.99753411],[2.42425363,48.99880774],[2.42447681,48.99865694],[2.42455038,48.99856911],[2.4248107,48.99892921],[2.42494533,48.99904253],[2.42722637,49.0004864],[2.42680196,49.00089244],[2.42659838,49.00079891],[2.4262594,49.0007353],[2.42558218,49.00038415],[2.42498262,49.00006418],[2.4242068,48.99967464],[2.42355245,48.99929444],[2.4232389,48.99909871],[2.42092328,48.99766862],[2.42075867,48.99757474],[2.42067614,48.99763068],[2.42049309,48.99785515],[2.42031113,48.99798165],[2.42027345,48.99802188],[2.42021956,48.99801427],[2.42006908,48.99817313],[2.42012293,48.99858594],[2.42023409,48.99862292],[2.42030612,48.99865376],[2.42043341,48.99874158],[2.42039439,48.99923619],[2.4202915,48.99929724],[2.42014288,48.9993169],[2.420135,48.99927778],[2.41919483,48.99942566],[2.41915421,48.9994679],[2.41917011,48.99962643],[2.419239,48.99964904],[2.41923123,48.99968508],[2.41920467,48.9997098],[2.41916245,48.99972939],[2.41912648,48.99973971],[2.41912882,48.99975837],[2.41858491,48.99982168],[2.418041,48.9998965],[2.41785677,48.99992528],[2.41772518,48.99993679],[2.41751463,48.99995981],[2.41738381,48.99998225],[2.41726595,48.99970494],[2.41659946,48.99976098],[2.41652484,48.99906197],[2.41604762,48.99907361],[2.41601457,48.99894906],[2.41587194,48.99846472],[2.41416351,48.99904756],[2.41449182,48.99804742],[2.41458352,48.99779248],[2.41467527,48.99779423],[2.41495419,48.99779631],[2.41496522,48.99765489],[2.4151938,48.99765941],[2.4152061,48.99742533],[2.41507773,48.99741981],[2.41508754,48.99729511],[2.41509449,48.99725332],[2.41518832,48.99725595],[2.4152032,48.99710691],[2.41542407,48.99711216],[2.41543573,48.99699423],[2.41578644,48.99699754],[2.41579853,48.99681587],[2.41570334,48.9968137],[2.41571544,48.99668834],[2.41540972,48.99667519],[2.41543119,48.99644418],[2.41644485,48.99651157],[2.41656967,48.99650116],[2.41658804,48.99652329],[2.41665675,48.9965371],[2.41930608,48.99664181],[2.41937018,48.99662606],[2.41942827,48.99661668],[2.41956572,48.99680902],[2.42059652,48.99617468],[2.42337172,48.99449666],[2.42285725,48.99420977],[2.4224599,48.99397787],[2.42205114,48.99374688],[2.42183643,48.99385917],[2.42129139,48.99411493],[2.42117082,48.9941615],[2.42044516,48.99389161],[2.42036876,48.99390043],[2.42012661,48.99404809],[2.4187712,48.99312539],[2.41851211,48.99291041],[2.41720996,48.99210372],[2.41706724,48.99171967],[2.41664499,48.99169925],[2.41513718,48.99172498],[2.41514347,48.99275712],[2.41426554,48.99293691],[2.41433097,48.99340632],[2.41452422,48.9934342],[2.41490415,48.9936608],[2.41483104,48.99370698],[2.41558219,48.9941932],[2.41553116,48.99421963],[2.41513069,48.9944698],[2.41520385,48.99452591],[2.41529306,48.99457759],[2.41526353,48.99488608],[2.41570809,48.9949103],[2.41539757,48.99567863],[2.41508535,48.99643439],[2.41478913,48.99718019],[2.41368337,48.99719194],[2.41224223,48.99756272],[2.41222577,48.99753692],[2.41170776,48.99766788],[2.41170045,48.99773827],[2.41146183,48.99782127],[2.41070729,48.99807746],[2.41127115,48.99882864],[2.4108658,48.99896857],[2.41022107,48.99917928],[2.41038236,48.99940053],[2.41097345,49.00013093],[2.40946189,49.00062933],[2.40924602,48.99996935],[2.40920402,48.9998981],[2.40913345,48.99988306],[2.40847289,48.99998691],[2.40792652,49.00010981],[2.40822443,49.00108374],[2.40776483,49.00120127],[2.40714661,49.00136368],[2.40634977,49.00158642],[2.40609553,49.00102913],[2.40604333,49.00103622],[2.405732,49.00026308],[2.40406974,49.00074964],[2.40460978,49.00170518],[2.40554316,49.00147465],[2.40567776,49.00174966],[2.4058288,49.00172714],[2.40584505,49.00177131],[2.40593788,49.00179259],[2.40597922,49.00185746],[2.40607245,49.00207128],[2.40609719,49.00218653],[2.40665271,49.00342137],[2.40671779,49.00342782],[2.40676406,49.00345131],[2.40700885,49.00337047],[2.40898213,49.00304439],[2.40943517,49.00297949],[2.40957886,49.00294835],[2.40968124,49.00294886],[2.40975176,49.00280468],[2.40977675,49.00275786],[2.40979553,49.00272039],[2.40977242,49.00262475],[2.40972601,49.00257247],[2.4096818,49.00253122],[2.40960024,49.00241875],[2.40956925,49.00227898],[2.40961837,49.00213409],[2.40971183,49.0020182],[2.4098314,49.00197959],[2.41102785,49.00177788],[2.41125898,49.00248998],[2.41228611,49.00236274],[2.41276505,49.00231609],[2.41288136,49.00278716],[2.4133148,49.00276733],[2.41382177,49.00274641],[2.41384699,49.00286994],[2.41428991,49.00285081],[2.41431032,49.00353568],[2.41434811,49.00422953],[2.41247047,49.00383824],[2.41110167,49.00339429],[2.41139251,49.00466946],[2.41149515,49.00514026],[2.41184002,49.00509909],[2.4118626,49.00515998],[2.41436293,49.00497869],[2.4144079,49.00630116],[2.41739064,49.00625512],[2.41733659,49.00475311],[2.41863594,49.00496552],[2.41979507,49.00520402],[2.42039505,49.00530969],[2.42044669,49.0053076],[2.42226182,49.00723054],[2.42429954,49.00577893],[2.42529786,49.00507732],[2.42429748,49.00446751],[2.42420244,49.00430906],[2.4241732,49.00425993],[2.4241231,49.00424499],[2.42420366,49.00419884],[2.42440854,49.00408477],[2.42454607,49.00397965],[2.42471337,49.00389305],[2.42501519,49.00378061],[2.42580517,49.00361839],[2.42769891,49.00287364],[2.42800068,49.00273339],[2.42802003,49.00262247],[2.42807602,49.0019332],[2.42801834,49.00176146],[2.42774141,49.00155316],[2.4273642,49.00132356],[2.42788757,49.00095863],[2.42805981,49.00086882],[2.4287298,49.00003551],[2.43024314,49.00003535],[2.43022286,48.99950861],[2.43024938,48.99946587],[2.43094129,48.99900498],[2.4311831,48.99885058],[2.4309256,48.99868862],[2.430793,48.99877367]]]]}},{"type":"Feature","properties":{"identifian":"QN09510M","libelle":"Delaune Masson Colomb","commune_ag":"Bezons","NPNRU":null,"auxiliary_storage_labeling_positionx":639497.0323578314,"auxiliary_storage_labeling_positiony":6869588.469486947,"auxiliary_storage_labeling_lineanchorpercent":null,"auxiliary_storage_labeling_lineanchorclipping":null,"auxiliary_storage_labeling_lineanchortype":null,"auxiliary_storage_labeling_lineanchortextpoint":null,"auxiliary_storage_callouts_originx":null,"auxiliary_storage_callouts_originy":null,"auxiliary_storage_callouts_destinationx":null,"auxiliary_storage_callouts_destinationy":null},"geometry":{"type":"MultiPolygon","coordinates":[[[[2.2151111,48.93463243],[2.21571215,48.93397585],[2.21518925,48.93323485],[2.21506021,48.93288156],[2.21509086,48.93283552],[2.21382253,48.93232026],[2.21387614,48.93222701],[2.21481825,48.93121986],[2.21410712,48.93093099],[2.21408886,48.93089365],[2.21422625,48.93075019],[2.21436062,48.93080634],[2.21449637,48.93065836],[2.21439525,48.93061033],[2.21448321,48.93050997],[2.21450831,48.93051944],[2.21452092,48.93050598],[2.21455131,48.93047714],[2.21406822,48.93027661],[2.21428855,48.93000644],[2.21397111,48.92986902],[2.21415942,48.92967835],[2.21423502,48.92965967],[2.21569255,48.93028048],[2.21583483,48.93015285],[2.21587637,48.93000876],[2.21589111,48.92993893],[2.21592944,48.92989407],[2.21598113,48.92987185],[2.21592748,48.92979707],[2.21586476,48.92964299],[2.21569694,48.92953447],[2.21520708,48.92932976],[2.21579992,48.92872144],[2.21574384,48.92869457],[2.21577085,48.9286626],[2.21481971,48.92828758],[2.2125303,48.93067158],[2.21217179,48.93053389],[2.21204194,48.93066837],[2.2114796,48.93042708],[2.21130848,48.93059344],[2.21118946,48.93054077],[2.21095862,48.93076951],[2.21111962,48.93083824],[2.21105231,48.93091223],[2.21098173,48.93090124],[2.21092952,48.93088285],[2.21087151,48.93094563],[2.21069304,48.93110705],[2.2117037,48.93152779],[2.21179475,48.93143093],[2.21218234,48.931608],[2.21225279,48.93153347],[2.21287273,48.93179637],[2.21278705,48.93187851],[2.21376475,48.93229225],[2.21383985,48.93234463],[2.21507657,48.93283675],[2.21504738,48.93288092],[2.21505554,48.93290691],[2.21401385,48.93398916],[2.21408308,48.93401442],[2.21396365,48.9341392],[2.2151111,48.93463243]]]]}}]}